timeframe,time,buffer0,buffer1,buffer2,buffer3,buffer4,buffer5,buffer6,buffer7,buffer8,buffer9,buffer10,buffer11,buffer12,buffer13,buffer14
M5,2026.09.08 15:15,18.2684183172665833,18.9383041121961996,35.8820960496229234,0.0000000000000000,-1.0000000000000000,1.0000000000000000,0.0000000000000000,0.0000000000000000,0.0000000000000000,0.0000000000000000,0.0000000000000000,0.0000000000000000,0.0000000000000000,0.0000000000000000,0.0000000000000000
M5,2026.09.08 15:20,18.1001433420664810,22.8213776102194892,31.4587383304259874,0.0000000000000000,-1.0000000000000000,-1.0000000000000000,0.0000000000000000,0.0000000000000000,0.0000000000000000,0.0000000000000000,0.0000000000000000,0.0000000000000000,0.0000000000000000,0.0000000000000000,0.0000000000000000
M5,2026.09.08 15:25,16.9138143192166340,27.4949544114447342,28.3275679999185890,0.0000000000000000,-1.0000000000000000,-1.0000000000000000,0.0000000000000000,0.0000000000000000,0.0000000000000000,0.0000000000000000,0.0000000000000000,0.0000000000000000,0.0000000000000000,0.0000000000000000,0.0000000000000000
M5,2026.09.08 15:30,16.5989146056435999,32.9699520170672216,25.6405773551722156,0.0000000000000000,1.0000000000000000,-1.0000000000000000,0.0000000000000000,0.0000000000000000,0.0000000000000000,0.0000000000000000,0.0000000000000000,0.0000000000000000,0.0000000000000000,0.0000000000000000,0.0000000000000000
M5,2026.09.08 15:35,15.8787540610964744,30.0301650485660936,26.3556868550526602,0.0000000000000000,1.0000000000000000,-1.0000000000000000,0.0000000000000000,0.0000000000000000,0.0000000000000000,0.0000000000000000,0.0000000000000000,0.0000000000000000,0.0000000000000000,0.0000000000000000,0.0000000000000000
M5,2026.09.08 15:40,14.7878007938729308,27.6163516186582108,27.9527717146507086,0.0000000000000000,-1.0000000000000000,-1.0000000000000000,0.0000000000000000,0.0000000000000000,0.0000000000000000,0.0000000000000000,0.0000000000000000,0.0000000000000000,0.0000000000000000,0.0000000000000000,1.0000000000000000
M5,2026.09.08 15:45,13.7718199594176980,25.9572011927354290,25.6660106006449170,0.0000000000000000,1.0000000000000000,-1.0000000000000000,0.0000000000000000,0.0000000000000000,0.0000000000000000,0.0000000000000000,0.0000000000000000,0.0000000000000000,0.0000000000000000,0.0000000000000000,0.0000000000000000
M5,2026.09.08 15:50,13.0448016939180551,26.5701868087368887,24.7267967501242084,0.0000000000000000,1.0000000000000000,-1.0000000000000000,0.0000000000000000,0.0000000000000000,0.0000000000000000,0.0000000000000000,0.0000000000000000,0.0000000000000000,0.0000000000000000,0.0000000000000000,0.0000000000000000
M5,2026.09.08 15:55,13.5969583158718113,33.6971923959378330,22.1044121712793000,0.0000000000000000,1.0000000000000000,1.0000000000000000,0.0000000000000000,0.0000000000000000,0.0000000000000000,0.0000000000000000,0.0000000000000000,0.0000000000000000,0.0000000000000000,0.0000000000000000,0.0000000000000000
M5,2026.09.08 16:00,14.2655697167736158,31.0307889955510667,19.4432113231545536,0.0000000000000000,1.0000000000000000,1.0000000000000000,0.0000000000000000,0.0000000000000000,0.0000000000000000,0.0000000000000000,0.0000000000000000,0.0000000000000000,0.0000000000000000,0.0000000000000000,0.0000000000000000
M5,2026.09.08 16:05,14.8864231604681497,29.3809334453549980,18.4094480463090733,0.0000000000000000,1.0000000000000000,1.0000000000000000,0.0000000000000000,0.0000000000000000,0.0000000000000000,0.0000000000000000,0.0000000000000000,0.0000000000000000,1.0000000000000000,0.0000000000000000,0.0000000000000000
M5,2026.09.08 16:10,15.6958530771993044,29.6839428116675812,17.3518822905199670,0.0000000000000000,1.0000000000000000,1.0000000000000000,0.0000000000000000,0.0000000000000000,0.0000000000000000,0.0000000000000000,0.0000000000000000,0.0000000000000000,0.0000000000000000,0.0000000000000000,0.0000000000000000
M5,2026.09.08 16:15,16.7360880935205892,30.3694875046417004,16.2598495751660366,0.0000000000000000,1.0000000000000000,1.0000000000000000,0.0000000000000000,0.0000000000000000,0.0000000000000000,0.0000000000000000,0.0000000000000000,0.0000000000000000,0.0000000000000000,0.0000000000000000,0.0000000000000000
M5,2026.09.08 16:20,17.1170908004628188,28.3001914449093377,18.0669130619913467,0.0000000000000000,1.0000000000000000,1.0000000000000000,0.0000000000000000,0.0000000000000000,0.0000000000000000,0.0000000000000000,0.0000000000000000,0.0000000000000000,0.0000000000000000,0.0000000000000000,0.0000000000000000
M5,2026.09.08 16:25,16.5570895944269552,26.5173980492055286,22.0150106234473810,0.0000000000000000,1.0000000000000000,-1.0000000000000000,0.0000000000000000,0.0000000000000000,0.0000000000000000,0.0000000000000000,0.0000000000000000,0.0000000000000000,0.0000000000000000,0.0000000000000000,0.0000000000000000
M5,2026.09.08 16:30,16.3056864520679241,25.9480639211471776,19.9624992255941542,0.0000000000000000,1.0000000000000000,-1.0000000000000000,0.0000000000000000,0.0000000000000000,0.0000000000000000,0.0000000000000000,0.0000000000000000,0.0000000000000000,0.0000000000000000,0.0000000000000000,0.0000000000000000
M5,2026.09.08 16:35,15.6288015915913317,23.8091623552944931,20.7650559737326681,0.0000000000000000,1.0000000000000000,-1.0000000000000000,0.0000000000000000,0.0000000000000000,0.0000000000000000,0.0000000000000000,0.0000000000000000,0.0000000000000000,0.0000000000000000,0.0000000000000000,0.0000000000000000
M5,2026.09.08 16:40,15.0788229656623489,21.2008042977848561,24.8524101023784994,0.0000000000000000,-1.0000000000000000,-1.0000000000000000,0.0000000000000000,0.0000000000000000,0.0000000000000000,0.0000000000000000,0.0000000000000000,0.0000000000000000,0.0000000000000000,0.0000000000000000,0.0000000000000000
M5,2026.09.08 16:45,14.0105505933057515,22.5331269924044300,22.4777592126090795,0.0000000000000000,1.0000000000000000,-1.0000000000000000,0.0000000000000000,0.0000000000000000,0.0000000000000000,0.0000000000000000,0.0000000000000000,0.0000000000000000,0.0000000000000000,0.0000000000000000,0.0000000000000000
M5,2026.09.08 16:50,13.2555527700503770,22.2139521610043254,20.7362167798664530,0.0000000000000000,1.0000000000000000,-1.0000000000000000,0.0000000000000000,0.0000000000000000,0.0000000000000000,0.0000000000000000,0.0000000000000000,0.0000000000000000,0.0000000000000000,0.0000000000000000,0.0000000000000000
M5,2026.09.08 16:55,13.0997974186860926,22.6935992324116640,18.1681676055953894,0.0000000000000000,1.0000000000000000,-1.0000000000000000,0.0000000000000000,0.0000000000000000,0.0000000000000000,0.0000000000000000,0.0000000000000000,0.0000000000000000,0.0000000000000000,0.0000000000000000,0.0000000000000000
M5,2026.09.08 17:00,12.7629086962418779,20.9334874613055818,17.6951145089875333,0.0000000000000000,1.0000000000000000,-1.0000000000000000,0.0000000000000000,0.0000000000000000,0.0000000000000000,0.0000000000000000,0.0000000000000000,0.0000000000000000,0.0000000000000000,0.0000000000000000,0.0000000000000000
M5,2026.09.08 17:05,12.5698346975427047,20.5667760671959741,16.8070197767366594,0.0000000000000000,1.0000000000000000,-1.0000000000000000,0.0000000000000000,0.0000000000000000,0.0000000000000000,0.0000000000000000,0.0000000000000000,0.0000000000000000,0.0000000000000000,0.0000000000000000,0.0000000000000000
M5,2026.09.08 17:10,12.2526093784338404,18.9439755377615314,22.2962626240318116,0.0000000000000000,-1.0000000000000000,-1.0000000000000000,0.0000000000000000,0.0000000000000000,0.0000000000000000,0.0000000000000000,0.0000000000000000,0.0000000000000000,0.0000000000000000,0.0000000000000000,1.0000000000000000
M5,2026.09.08 17:15,11.6839519344157204,19.1022631551882256,20.8152869615121610,0.0000000000000000,-1.0000000000000000,-1.0000000000000000,0.0000000000000000,0.0000000000000000,0.0000000000000000,0.0000000000000000,0.0000000000000000,0.0000000000000000,0.0000000000000000,0.0000000000000000,0.0000000000000000
M5,2026.09.08 17:20,10.8544065383114550,19.4230061209219436,19.4503404545001324,0.0000000000000000,-1.0000000000000000,-1.0000000000000000,0.0000000000000000,0.0000000000000000,0.0000000000000000,0.0000000000000000,0.0000000000000000,0.0000000000000000,0.0000000000000000,0.0000000000000000,0.0000000000000000
M5,2026.09.08 17:25,10.4316199442011257,19.7785468035082240,17.9180701490090790,0.0000000000000000,1.0000000000000000,-1.0000000000000000,0.0000000000000000,0.0000000000000000,0.0000000000000000,0.0000000000000000,0.0000000000000000,0.0000000000000000,0.0000000000000000,0.0000000000000000,0.0000000000000000
M5,2026.09.08 17:30,9.7917452360601569,18.8209281456924949,18.2743755742488325,0.0000000000000000,1.0000000000000000,-1.0000000000000000,0.0000000000000000,0.0000000000000000,0.0000000000000000,0.0000000000000000,0.0000000000000000,0.0000000000000000,0.0000000000000000,0.0000000000000000,0.0000000000000000
M5,2026.09.08 17:35,9.4410862956232844,18.9375359238200964,17.1743651082890736,0.0000000000000000,1.0000000000000000,-1.0000000000000000,0.0000000000000000,0.0000000000000000,0.0000000000000000,0.0000000000000000,0.0000000000000000,0.0000000000000000,0.0000000000000000,0.0000000000000000,0.0000000000000000
M5,2026.09.08 17:40,8.9459660455122148,17.9007127124385015,18.8222395013558277,0.0000000000000000,-1.0000000000000000,-1.0000000000000000,0.0000000000000000,0.0000000000000000,0.0000000000000000,0.0000000000000000,0.0000000000000000,0.0000000000000000,0.0000000000000000,0.0000000000000000,1.0000000000000000
M5,2026.09.08 17:45,8.4196039290724816,17.9362593992828644,17.3793685284303123,0.0000000000000000,1.0000000000000000,-1.0000000000000000,0.0000000000000000,0.0000000000000000,0.0000000000000000,0.0000000000000000,0.0000000000000000,0.0000000000000000,0.0000000000000000,0.0000000000000000,0.0000000000000000
M5,2026.09.08 17:50,8.3547519776774682,16.6157244263638724,19.3147018528915347,0.0000000000000000,-1.0000000000000000,-1.0000000000000000,0.0000000000000000,0.0000000000000000,0.0000000000000000,0.0000000000000000,0.0000000000000000,0.0000000000000000,0.0000000000000000,0.0000000000000000,0.0000000000000000
M5,2026.09.08 17:55,7.8816305000470042,18.5914140223523603,17.9587125839267010,0.0000000000000000,1.0000000000000000,-1.0000000000000000,0.0000000000000000,0.0000000000000000,0.0000000000000000,0.0000000000000000,0.0000000000000000,0.0000000000000000,0.0000000000000000,0.0000000000000000,0.0000000000000000
M5,2026.09.08 18:00,8.9104287667296110,25.4487132327175552,16.1733230881354011,0.0000000000000000,1.0000000000000000,1.0000000000000000,0.0000000000000000,0.0000000000000000,0.0000000000000000,0.0000000000000000,0.0000000000000000,0.0000000000000000,0.0000000000000000,0.0000000000000000,0.0000000000000000
M5,2026.09.08 18:05,9.8657414429348887,24.4714755274882521,15.5522629584522250,0.0000000000000000,1.0000000000000000,1.0000000000000000,0.0000000000000000,0.0000000000000000,0.0000000000000000,0.0000000000000000,0.0000000000000000,0.0000000000000000,0.0000000000000000,0.0000000000000000,0.0000000000000000
M5,2026.09.08 18:10,11.3630776193282905,27.9060951223392202,14.7544967712762923,0.0000000000000000,1.0000000000000000,1.0000000000000000,0.0000000000000000,0.0000000000000000,0.0000000000000000,0.0000000000000000,0.0000000000000000,0.0000000000000000,1.0000000000000000,0.0000000000000000,0.0000000000000000
M5,2026.09.08 18:15,12.9047628844197870,27.7191325260014665,13.9804937204805580,0.0000000000000000,1.0000000000000000,1.0000000000000000,0.0000000000000000,0.0000000000000000,0.0000000000000000,0.0000000000000000,0.0000000000000000,0.0000000000000000,0.0000000000000000,0.0000000000000000,0.0000000000000000
M5,2026.09.08 18:20,12.4560259133985163,24.8057421945211268,21.7243146373666854,0.0000000000000000,1.0000000000000000,-1.0000000000000000,0.0000000000000000,0.0000000000000000,0.0000000000000000,0.0000000000000000,0.0000000000000000,0.0000000000000000,0.0000000000000000,0.0000000000000000,0.0000000000000000
M5,2026.09.08 18:25,12.0393415831644806,23.0575758422754085,20.1933096153507847,0.0000000000000000,1.0000000000000000,-1.0000000000000000,0.0000000000000000,0.0000000000000000,0.0000000000000000,0.0000000000000000,0.0000000000000000,0.0000000000000000,0.0000000000000000,0.0000000000000000,0.0000000000000000
M5,2026.09.08 18:30,11.6524204193757317,21.7010621880340616,19.0053052733104941,0.0000000000000000,1.0000000000000000,-1.0000000000000000,0.0000000000000000,0.0000000000000000,0.0000000000000000,0.0000000000000000,0.0000000000000000,0.0000000000000000,0.0000000000000000,0.0000000000000000,0.0000000000000000
M5,2026.09.08 18:35,11.2190700506822019,20.3431745265228230,18.1908506697898069,0.0000000000000000,1.0000000000000000,-1.0000000000000000,0.0000000000000000,0.0000000000000000,0.0000000000000000,0.0000000000000000,0.0000000000000000,0.0000000000000000,0.0000000000000000,0.0000000000000000,0.0000000000000000
M5,2026.09.08 18:40,10.5090176409140526,19.4556692544256081,18.9645298967920902,0.0000000000000000,1.0000000000000000,-1.0000000000000000,0.0000000000000000,0.0000000000000000,0.0000000000000000,0.0000000000000000,0.0000000000000000,0.0000000000000000,0.0000000000000000,0.0000000000000000,0.0000000000000000
M5,2026.09.08 18:45,9.9714955006382464,18.3945072193252841,19.5259425915039416,0.0000000000000000,-1.0000000000000000,-1.0000000000000000,0.0000000000000000,0.0000000000000000,0.0000000000000000,0.0000000000000000,0.0000000000000000,0.0000000000000000,0.0000000000000000,0.0000000000000000,0.0000000000000000
M5,2026.09.08 18:50,9.4698808041030134,17.4346790984879299,18.4941815882641408,0.0000000000000000,-1.0000000000000000,-1.0000000000000000,0.0000000000000000,0.0000000000000000,0.0000000000000000,0.0000000000000000,0.0000000000000000,0.0000000000000000,0.0000000000000000,0.0000000000000000,0.0000000000000000
M5,2026.09.08 18:55,9.3540011826856073,16.4980148435640075,19.3079083341775935,0.0000000000000000,-1.0000000000000000,-1.0000000000000000,0.0000000000000000,0.0000000000000000,0.0000000000000000,0.0000000000000000,0.0000000000000000,0.0000000000000000,0.0000000000000000,0.0000000000000000,0.0000000000000000
M5,2026.09.08 19:00,9.9937225207922876,15.6925983282415853,22.7273246050454639,0.0000000000000000,-1.0000000000000000,1.0000000000000000,0.0000000000000000,0.0000000000000000,0.0000000000000000,0.0000000000000000,0.0000000000000000,0.0000000000000000,0.0000000000000000,0.0000000000000000,0.0000000000000000
M5,2026.09.08 19:05,12.1954425248445517,13.1318499139157083,31.2458531313873600,0.0000000000000000,-1.0000000000000000,1.0000000000000000,0.0000000000000000,0.0000000000000000,0.0000000000000000,0.0000000000000000,0.0000000000000000,0.0000000000000000,0.0000000000000000,0.0000000000000000,0.0000000000000000
M5,2026.09.08 19:10,14.2398968143216536,12.2626207106825973,29.1776138353416776,0.0000000000000000,-1.0000000000000000,1.0000000000000000,0.0000000000000000,0.0000000000000000,0.0000000000000000,0.0000000000000000,0.0000000000000000,0.0000000000000000,1.0000000000000000,0.0000000000000000,0.0000000000000000
M5,2026.09.08 19:15,15.8240395847716720,12.9914555099882758,27.8736766925732731,0.0000000000000000,-1.0000000000000000,1.0000000000000000,0.0000000000000000,0.0000000000000000,0.0000000000000000,0.0000000000000000,0.0000000000000000,0.0000000000000000,0.0000000000000000,0.0000000000000000,0.0000000000000000
M5,2026.09.08 19:20,15.9006375862611176,18.0738629124531016,25.4233271888499708,0.0000000000000000,-1.0000000000000000,1.0000000000000000,0.0000000000000000,0.0000000000000000,0.0000000000000000,0.0000000000000000,0.0000000000000000,0.0000000000000000,0.0000000000000000,0.0000000000000000,0.0000000000000000
M15,2026.09.08 06:45,25.2930264874288362,29.6687178307303335,13.0020047220091985,2.0000000000000000,1.0000000000000000,1.0000000000000000,0.0000000000000000,1.0000000000000000,0.0000000000000000,0.0000000000000000,0.0000000000000000,0.0000000000000000,1.0000000000000000,0.0000000000000000,0.0000000000000000
M15,2026.09.08 07:00,26.6731538224582252,32.2085676195521771,12.3353733539392039,2.0000000000000000,1.0000000000000000,1.0000000000000000,0.0000000000000000,0.0000000000000000,0.0000000000000000,0.0000000000000000,0.0000000000000000,1.0000000000000000,0.0000000000000000,0.0000000000000000,0.0000000000000000
M15,2026.09.08 07:15,26.6610104001009703,29.4315069536275935,17.0993626813345081,2.0000000000000000,1.0000000000000000,-1.0000000000000000,0.0000000000000000,0.0000000000000000,0.0000000000000000,0.0000000000000000,0.0000000000000000,0.0000000000000000,0.0000000000000000,0.0000000000000000,0.0000000000000000
M15,2026.09.08 07:30,26.6497343650549504,28.1838153189388372,16.3744683764106967,2.0000000000000000,1.0000000000000000,-1.0000000000000000,0.0000000000000000,0.0000000000000000,0.0000000000000000,0.0000000000000000,0.0000000000000000,0.0000000000000000,0.0000000000000000,0.0000000000000000,0.0000000000000000
M15,2026.09.08 07:45,27.0222181746188035,29.8795709697502652,15.4390238381359311,2.0000000000000000,1.0000000000000000,1.0000000000000000,0.0000000000000000,0.0000000000000000,0.0000000000000000,0.0000000000000000,0.0000000000000000,0.0000000000000000,0.0000000000000000,0.0000000000000000,0.0000000000000000
M15,2026.09.08 08:00,26.0196506212854324,26.8190316328420160,20.6540481608892109,2.0000000000000000,1.0000000000000000,-1.0000000000000000,0.0000000000000000,0.0000000000000000,0.0000000000000000,0.0000000000000000,0.0000000000000000,0.0000000000000000,0.0000000000000000,0.0000000000000000,0.0000000000000000
M15,2026.09.08 08:15,24.2862748513446114,23.9861304213243436,24.8417858664674931,1.0000000000000000,-1.0000000000000000,-1.0000000000000000,0.0000000000000000,0.0000000000000000,0.0000000000000000,0.0000000000000000,0.0000000000000000,0.0000000000000000,0.0000000000000000,0.0000000000000000,0.0000000000000000
M15,2026.09.08 08:30,22.9823006417629650,22.0112224525218885,24.8364340520540417,1.0000000000000000,-1.0000000000000000,-1.0000000000000000,0.0000000000000000,0.0000000000000000,0.0000000000000000,0.0000000000000000,0.0000000000000000,0.0000000000000000,0.0000000000000000,0.0000000000000000,0.0000000000000000
M15,2026.09.08 08:45,21.4955283814808774,21.3677787790656098,22.3145893011896419,1.0000000000000000,-1.0000000000000000,-1.0000000000000000,0.0000000000000000,0.0000000000000000,0.0000000000000000,0.0000000000000000,0.0000000000000000,0.0000000000000000,0.0000000000000000,0.0000000000000000,0.0000000000000000
M15,2026.09.08 09:00,21.2417182591052587,19.2399635423362803,27.6537148561968956,1.0000000000000000,-1.0000000000000000,-1.0000000000000000,0.0000000000000000,0.0000000000000000,0.0000000000000000,0.0000000000000000,0.0000000000000000,0.0000000000000000,0.0000000000000000,0.0000000000000000,0.0000000000000000
M15,2026.09.08 09:15,21.9397383808508658,17.2262665231183405,32.7150737894522621,1.0000000000000000,-1.0000000000000000,1.0000000000000000,0.0000000000000000,0.0000000000000000,0.0000000000000000,0.0000000000000000,0.0000000000000000,0.0000000000000000,0.0000000000000000,0.0000000000000000,0.0000000000000000
M15,2026.09.08 09:30,22.6601412136685454,15.7448097963857592,30.5807433070062125,1.0000000000000000,-1.0000000000000000,1.0000000000000000,0.0000000000000000,0.0000000000000000,0.0000000000000000,0.0000000000000000,0.0000000000000000,0.0000000000000000,0.0000000000000000,0.0000000000000000,0.0000000000000000
M15,2026.09.08 09:45,23.2314459357265619,15.4170525076297214,29.0499172065746727,1.0000000000000000,-1.0000000000000000,1.0000000000000000,0.0000000000000000,0.0000000000000000,0.0000000000000000,0.0000000000000000,0.0000000000000000,0.0000000000000000,1.0000000000000000,0.0000000000000000,0.0000000000000000
M15,2026.09.08 10:00,23.8458482769112195,14.4994592013921260,28.0415824871398911,1.0000000000000000,-1.0000000000000000,1.0000000000000000,0.0000000000000000,0.0000000000000000,0.0000000000000000,0.0000000000000000,0.0000000000000000,0.0000000000000000,0.0000000000000000,0.0000000000000000,0.0000000000000000
M15,2026.09.08 10:15,24.6416181800904966,13.9787156619170220,29.0238698062190430,1.0000000000000000,-1.0000000000000000,1.0000000000000000,0.0000000000000000,0.0000000000000000,0.0000000000000000,0.0000000000000000,0.0000000000000000,0.0000000000000000,0.0000000000000000,0.0000000000000000,0.0000000000000000
M15,2026.09.08 10:30,26.1529144392481285,12.3161406940089826,33.1306765667711432,2.0000000000000000,-1.0000000000000000,1.0000000000000000,0.0000000000000000,1.0000000000000000,0.0000000000000000,0.0000000000000000,0.0000000000000000,0.0000000000000000,0.0000000000000000,0.0000000000000000,0.0000000000000000
M15,2026.09.08 10:45,27.6277092890895766,11.5787724386469915,31.9504818964784684,2.0000000000000000,-1.0000000000000000,1.0000000000000000,0.0000000000000000,0.0000000000000000,0.0000000000000000,0.0000000000000000,0.0000000000000000,1.0000000000000000,0.0000000000000000,0.0000000000000000,0.0000000000000000
M15,2026.09.08 11:00,29.1781170174886064,10.7851758158886355,31.7879573258716662,2.0000000000000000,-1.0000000000000000,1.0000000000000000,0.0000000000000000,0.0000000000000000,0.0000000000000000,0.0000000000000000,0.0000000000000000,0.0000000000000000,0.0000000000000000,0.0000000000000000,0.0000000000000000
M15,2026.09.08 11:15,30.5023171284796888,10.5985106860212195,29.9442821120186374,2.0000000000000000,-1.0000000000000000,1.0000000000000000,0.0000000000000000,0.0000000000000000,0.0000000000000000,0.0000000000000000,0.0000000000000000,0.0000000000000000,0.0000000000000000,0.0000000000000000,0.0000000000000000
M15,2026.09.08 11:30,31.2114660933061465,11.9574987558554772,28.1888150854123651,2.0000000000000000,-1.0000000000000000,1.0000000000000000,0.0000000000000000,0.0000000000000000,0.0000000000000000,0.0000000000000000,0.0000000000000000,0.0000000000000000,0.0000000000000000,0.0000000000000000,0.0000000000000000
M15,2026.09.08 11:45,31.9615462948913952,11.1812031003380277,27.1845533890981521,2.0000000000000000,-1.0000000000000000,1.0000000000000000,0.0000000000000000,0.0000000000000000,0.0000000000000000,0.0000000000000000,0.0000000000000000,0.0000000000000000,0.0000000000000000,0.0000000000000000,0.0000000000000000
M15,2026.09.08 12:00,32.6580493392205540,10.5137695555537736,25.5618404601724550,2.0000000000000000,-1.0000000000000000,1.0000000000000000,0.0000000000000000,0.0000000000000000,0.0000000000000000,0.0000000000000000,0.0000000000000000,0.0000000000000000,0.0000000000000000,0.0000000000000000,0.0000000000000000
M15,2026.09.08 12:15,32.9720344998925086,11.0130955348331518,23.9790177657411726,2.0000000000000000,-1.0000000000000000,1.0000000000000000,0.0000000000000000,0.0000000000000000,0.0000000000000000,0.0000000000000000,0.0000000000000000,0.0000000000000000,0.0000000000000000,0.0000000000000000,0.0000000000000000
M15,2026.09.08 12:30,32.2317016909346919,13.4769663339611139,21.3505546716778092,2.0000000000000000,-1.0000000000000000,-1.0000000000000000,0.0000000000000000,0.0000000000000000,0.0000000000000000,0.0000000000000000,0.0000000000000000,0.0000000000000000,0.0000000000000000,0.0000000000000000,0.0000000000000000
M15,2026.09.08 12:45,31.1053457538659650,14.6992577783472207,20.4928325723820777,2.0000000000000000,-1.0000000000000000,-1.0000000000000000,0.0000000000000000,0.0000000000000000,0.0000000000000000,0.0000000000000000,0.0000000000000000,0.0000000000000000,0.0000000000000000,0.0000000000000000,0.0000000000000000
M15,2026.09.08 13:00,31.0598935992442584,13.4953004728736055,25.3227907341597600,2.0000000000000000,-1.0000000000000000,-1.0000000000000000,0.0000000000000000,0.0000000000000000,0.0000000000000000,0.0000000000000000,0.0000000000000000,0.0000000000000000,0.0000000000000000,0.0000000000000000,0.0000000000000000
M15,2026.09.08 13:15,30.2221287875196616,15.5265009144250002,22.9679312949668066,2.0000000000000000,-1.0000000000000000,-1.0000000000000000,0.0000000000000000,0.0000000000000000,0.0000000000000000,0.0000000000000000,0.0000000000000000,0.0000000000000000,0.0000000000000000,0.0000000000000000,0.0000000000000000
M15,2026.09.08 13:30,29.7214079416793951,14.7542169358185600,23.6742459351029844,2.0000000000000000,-1.0000000000000000,-1.0000000000000000,0.0000000000000000,0.0000000000000000,0.0000000000000000,0.0000000000000000,0.0000000000000000,0.0000000000000000,0.0000000000000000,0.0000000000000000,0.0000000000000000
M15,2026.09.08 13:45,29.0861140433177603,14.8025594112632604,22.5905272731011913,2.0000000000000000,-1.0000000000000000,-1.0000000000000000,0.0000000000000000,0.0000000000000000,0.0000000000000000,0.0000000000000000,0.0000000000000000,0.0000000000000000,0.0000000000000000,0.0000000000000000,0.0000000000000000
M15,2026.09.08 14:00,29.0504069556938838,13.6864878594755855,24.6436127627606397,2.0000000000000000,-1.0000000000000000,-1.0000000000000000,0.0000000000000000,0.0000000000000000,0.0000000000000000,0.0000000000000000,0.0000000000000000,0.0000000000000000,0.0000000000000000,0.0000000000000000,0.0000000000000000
M15,2026.09.08 14:15,28.2737842372418946,15.8307605688999509,22.8647012325703152,2.0000000000000000,-1.0000000000000000,-1.0000000000000000,0.0000000000000000,0.0000000000000000,0.0000000000000000,0.0000000000000000,0.0000000000000000,0.0000000000000000,0.0000000000000000,0.0000000000000000,0.0000000000000000
M15,2026.09.08 14:30,26.6230970191072878,19.2443522112770005,21.3402049714352593,2.0000000000000000,-1.0000000000000000,-1.0000000000000000,0.0000000000000000,0.0000000000000000,0.0000000000000000,0.0000000000000000,0.0000000000000000,0.0000000000000000,0.0000000000000000,0.0000000000000000,0.0000000000000000
M15,2026.09.08 14:45,25.5297854854060802,17.7120000062211816,22.2324023915189493,2.0000000000000000,-1.0000000000000000,-1.0000000000000000,0.0000000000000000,0.0000000000000000,0.0000000000000000,0.0000000000000000,0.0000000000000000,0.0000000000000000,0.0000000000000000,0.0000000000000000,0.0000000000000000
M15,2026.09.08 15:00,25.4570296413925057,15.3121613956601088,25.2558755579663093,2.0000000000000000,-1.0000000000000000,-1.0000000000000000,0.0000000000000000,0.0000000000000000,0.0000000000000000,0.0000000000000000,0.0000000000000000,0.0000000000000000,0.0000000000000000,0.0000000000000000,0.0000000000000000
M15,2026.09.08 15:15,25.9341167305504214,13.3351897062734306,25.9647001114307088,2.0000000000000000,-1.0000000000000000,1.0000000000000000,0.0000000000000000,0.0000000000000000,0.0000000000000000,0.0000000000000000,0.0000000000000000,0.0000000000000000,0.0000000000000000,0.0000000000000000,0.0000000000000000
M15,2026.09.08 15:30,25.2469891652905290,16.8560992107375470,23.4282155955637670,2.0000000000000000,-1.0000000000000000,-1.0000000000000000,0.0000000000000000,0.0000000000000000,0.0000000000000000,0.0000000000000000,0.0000000000000000,0.0000000000000000,0.0000000000000000,0.0000000000000000,0.0000000000000000
M15,2026.09.08 15:45,24.0568131780724635,17.4327463059117385,20.7068495810147475,1.0000000000000000,-1.0000000000000000,-1.0000000000000000,0.0000000000000000,0.0000000000000000,0.0000000000000000,0.0000000000000000,0.0000000000000000,0.0000000000000000,0.0000000000000000,0.0000000000000000,0.0000000000000000
M15,2026.09.08 16:00,22.7658927581210478,16.9917670854556100,19.1547482863360728,1.0000000000000000,-1.0000000000000000,-1.0000000000000000,0.0000000000000000,0.0000000000000000,0.0000000000000000,0.0000000000000000,0.0000000000000000,0.0000000000000000,0.0000000000000000,0.0000000000000000,0.0000000000000000
M15,2026.09.08 16:15,22.0282698485874668,15.5703803553665559,19.9943366885382154,1.0000000000000000,-1.0000000000000000,-1.0000000000000000,0.0000000000000000,0.0000000000000000,0.0000000000000000,0.0000000000000000,0.0000000000000000,0.0000000000000000,0.0000000000000000,0.0000000000000000,0.0000000000000000
M15,2026.09.08 16:30,22.3349120018877408,13.9194358522328212,23.8646952315745047,1.0000000000000000,-1.0000000000000000,1.0000000000000000,0.0000000000000000,0.0000000000000000,0.0000000000000000,0.0000000000000000,0.0000000000000000,0.0000000000000000,0.0000000000000000,0.0000000000000000,0.0000000000000000
M15,2026.09.08 16:45,22.3378954136172183,13.8054868351044906,21.7649752206408956,1.0000000000000000,-1.0000000000000000,1.0000000000000000,0.0000000000000000,0.0000000000000000,0.0000000000000000,0.0000000000000000,0.0000000000000000,0.0000000000000000,0.0000000000000000,0.0000000000000000,0.0000000000000000
M15,2026.09.08 17:00,22.6510928988714043,12.7601665528496522,22.0668798135339088,1.0000000000000000,-1.0000000000000000,1.0000000000000000,0.0000000000000000,0.0000000000000000,0.0000000000000000,0.0000000000000000,0.0000000000000000,0.0000000000000000,1.0000000000000000,0.0000000000000000,0.0000000000000000
M15,2026.09.08 17:15,22.7762155478253803,12.5391603726839041,20.6344545991627336,1.0000000000000000,-1.0000000000000000,1.0000000000000000,0.0000000000000000,0.0000000000000000,0.0000000000000000,0.0000000000000000,0.0000000000000000,0.0000000000000000,0.0000000000000000,0.0000000000000000,0.0000000000000000
M15,2026.09.08 17:30,23.0374354762011997,11.8600307542455710,20.3828994705263682,1.0000000000000000,-1.0000000000000000,1.0000000000000000,0.0000000000000000,0.0000000000000000,0.0000000000000000,0.0000000000000000,0.0000000000000000,0.0000000000000000,0.0000000000000000,0.0000000000000000,0.0000000000000000
M15,2026.09.08 17:45,23.6883141050220161,11.0502803536087821,21.5222691037088510,1.0000000000000000,-1.0000000000000000,1.0000000000000000,0.0000000000000000,0.0000000000000000,0.0000000000000000,0.0000000000000000,0.0000000000000000,0.0000000000000000,0.0000000000000000,0.0000000000000000,0.0000000000000000
M15,2026.09.08 18:00,22.6544708439521792,16.5734885258064609,19.9378267578404228,1.0000000000000000,-1.0000000000000000,-1.0000000000000000,0.0000000000000000,0.0000000000000000,0.0000000000000000,0.0000000000000000,0.0000000000000000,0.0000000000000000,0.0000000000000000,0.0000000000000000,0.0000000000000000
M15,2026.09.08 18:15,21.5226183156111511,15.8814802446283157,18.2020709064032822,1.0000000000000000,-1.0000000000000000,-1.0000000000000000,0.0000000000000000,0.0000000000000000,0.0000000000000000,0.0000000000000000,0.0000000000000000,0.0000000000000000,0.0000000000000000,0.0000000000000000,0.0000000000000000
M15,2026.09.08 18:30,20.4716123964373403,15.1214023261953798,17.3309309400649952,1.0000000000000000,-1.0000000000000000,-1.0000000000000000,0.0000000000000000,0.0000000000000000,0.0000000000000000,0.0000000000000000,0.0000000000000000,0.0000000000000000,0.0000000000000000,0.0000000000000000,0.0000000000000000
M15,2026.09.08 18:45,19.8660858736452966,14.4924459123518031,18.4427758044208226,0.0000000000000000,-1.0000000000000000,-1.0000000000000000,0.0000000000000000,0.0000000000000000,0.0000000000000000,0.0000000000000000,0.0000000000000000,0.0000000000000000,0.0000000000000000,0.0000000000000000,0.0000000000000000
M15,2026.09.08 19:00,20.8670718552984554,13.0307124554400176,26.3845649236153932,1.0000000000000000,-1.0000000000000000,1.0000000000000000,1.0000000000000000,0.0000000000000000,0.0000000000000000,0.0000000000000000,0.0000000000000000,0.0000000000000000,0.0000000000000000,0.0000000000000000,0.0000000000000000
H1,2026.09.04 12:00,45.5121791869492470,26.3393097158278238,15.2662938231371968,3.0000000000000000,1.0000000000000000,-1.0000000000000000,0.0000000000000000,0.0000000000000000,0.0000000000000000,0.0000000000000000,0.0000000000000000,0.0000000000000000,0.0000000000000000,0.0000000000000000,0.0000000000000000
H1,2026.09.04 13:00,44.1623265103549869,24.9961291628843726,14.4877848492882535,3.0000000000000000,1.0000000000000000,-1.0000000000000000,0.0000000000000000,0.0000000000000000,0.0000000000000000,0.0000000000000000,0.0000000000000000,0.0000000000000000,0.0000000000000000,0.0000000000000000,0.0000000000000000
H1,2026.09.04 14:00,42.8883546694818989,24.0303496791697775,14.0144116171886459,3.0000000000000000,1.0000000000000000,-1.0000000000000000,0.0000000000000000,0.0000000000000000,0.0000000000000000,0.0000000000000000,0.0000000000000000,0.0000000000000000,0.0000000000000000,0.0000000000000000,0.0000000000000000
H1,2026.09.04 15:00,42.7826391096535943,16.0502815633349876,38.7366307565377426,3.0000000000000000,-1.0000000000000000,-1.0000000000000000,0.0000000000000000,0.0000000000000000,0.0000000000000000,0.0000000000000000,0.0000000000000000,0.0000000000000000,0.0000000000000000,0.0000000000000000,0.0000000000000000
H1,2026.09.04 16:00,43.0636283610873107,12.7673789477386972,35.1550594179179470,3.0000000000000000,-1.0000000000000000,1.0000000000000000,0.0000000000000000,0.0000000000000000,0.0000000000000000,0.0000000000000000,0.0000000000000000,0.0000000000000000,0.0000000000000000,0.0000000000000000,0.0000000000000000
H1,2026.09.04 17:00,42.8156167905858638,13.8773053712100119,32.0675455902196589,3.0000000000000000,-1.0000000000000000,-1.0000000000000000,0.0000000000000000,0.0000000000000000,0.0000000000000000,0.0000000000000000,1.0000000000000000,0.0000000000000000,0.0000000000000000,0.0000000000000000,0.0000000000000000
H1,2026.09.04 18:00,42.1564634453470788,14.7348698021022262,29.6388945842741230,3.0000000000000000,-1.0000000000000000,-1.0000000000000000,0.0000000000000000,0.0000000000000000,0.0000000000000000,0.0000000000000000,0.0000000000000000,0.0000000000000000,0.0000000000000000,0.0000000000000000,0.0000000000000000
H1,2026.09.04 19:00,41.5443924819110678,14.2236979788225657,28.6106827311584909,3.0000000000000000,-1.0000000000000000,-1.0000000000000000,0.0000000000000000,0.0000000000000000,0.0000000000000000,0.0000000000000000,0.0000000000000000,0.0000000000000000,0.0000000000000000,0.0000000000000000,0.0000000000000000
H1,2026.09.04 20:00,41.4997573746154416,13.1681569633039040,31.4088428308089931,3.0000000000000000,-1.0000000000000000,-1.0000000000000000,0.0000000000000000,0.0000000000000000,0.0000000000000000,0.0000000000000000,0.0000000000000000,0.0000000000000000,0.0000000000000000,0.0000000000000000,0.0000000000000000
H1,2026.09.04 21:00,41.5666794925772579,12.5705000658829072,31.1048724896929834,3.0000000000000000,-1.0000000000000000,1.0000000000000000,0.0000000000000000,0.0000000000000000,0.0000000000000000,0.0000000000000000,0.0000000000000000,0.0000000000000000,0.0000000000000000,0.0000000000000000,0.0000000000000000
H1,2026.09.04 22:00,40.8021814480531618,15.6138167335876706,29.5544039694132224,3.0000000000000000,-1.0000000000000000,-1.0000000000000000,0.0000000000000000,0.0000000000000000,0.0000000000000000,0.0000000000000000,1.0000000000000000,0.0000000000000000,0.0000000000000000,0.0000000000000000,0.0000000000000000
H1,2026.09.04 23:00,40.0922904067093597,15.2746323449224608,28.9123833402632684,3.0000000000000000,-1.0000000000000000,-1.0000000000000000,0.0000000000000000,0.0000000000000000,0.0000000000000000,0.0000000000000000,0.0000000000000000,0.0000000000000000,0.0000000000000000,0.0000000000000000,0.0000000000000000
H1,2026.09.07 01:00,39.8597075623615496,14.3342427829354922,31.0532324173157797,2.0000000000000000,-1.0000000000000000,-1.0000000000000000,0.0000000000000000,0.0000000000000000,0.0000000000000000,0.0000000000000000,0.0000000000000000,0.0000000000000000,0.0000000000000000,0.0000000000000000,0.0000000000000000
H1,2026.09.07 02:00,39.6437377783242937,13.6993360527316046,29.6777913455480765,2.0000000000000000,-1.0000000000000000,-1.0000000000000000,0.0000000000000000,0.0000000000000000,0.0000000000000000,0.0000000000000000,0.0000000000000000,0.0000000000000000,0.0000000000000000,0.0000000000000000,0.0000000000000000
H1,2026.09.07 03:00,39.8354203527936762,12.7708483818206898,31.5164730494311094,2.0000000000000000,-1.0000000000000000,1.0000000000000000,0.0000000000000000,0.0000000000000000,0.0000000000000000,0.0000000000000000,0.0000000000000000,0.0000000000000000,0.0000000000000000,0.0000000000000000,0.0000000000000000
H1,2026.09.07 04:00,40.6191768582758215,11.5957225940448013,35.5490378883926539,3.0000000000000000,-1.0000000000000000,1.0000000000000000,0.0000000000000000,0.0000000000000000,0.0000000000000000,0.0000000000000000,0.0000000000000000,0.0000000000000000,0.0000000000000000,0.0000000000000000,0.0000000000000000
H1,2026.09.07 05:00,41.1656157704976522,11.7160991758198457,33.5804232934243601,3.0000000000000000,-1.0000000000000000,1.0000000000000000,0.0000000000000000,0.0000000000000000,0.0000000000000000,0.0000000000000000,0.0000000000000000,0.0000000000000000,1.0000000000000000,0.0000000000000000,0.0000000000000000
H1,2026.09.07 06:00,41.7273775470003017,11.3194738612520851,33.0969914586500451,3.0000000000000000,-1.0000000000000000,1.0000000000000000,0.0000000000000000,0.0000000000000000,0.0000000000000000,0.0000000000000000,0.0000000000000000,0.0000000000000000,0.0000000000000000,0.0000000000000000,0.0000000000000000
H1,2026.09.07 07:00,42.4484991123270632,10.7849389239091878,33.9872831416640082,3.0000000000000000,-1.0000000000000000,1.0000000000000000,0.0000000000000000,0.0000000000000000,0.0000000000000000,0.0000000000000000,0.0000000000000000,0.0000000000000000,0.0000000000000000,0.0000000000000000,0.0000000000000000
H1,2026.09.07 08:00,42.5759129107189410,12.1632286630676436,31.4578171445795008,3.0000000000000000,-1.0000000000000000,1.0000000000000000,0.0000000000000000,0.0000000000000000,0.0000000000000000,0.0000000000000000,0.0000000000000000,0.0000000000000000,0.0000000000000000,0.0000000000000000,0.0000000000000000
H1,2026.09.07 09:00,42.9550630089989270,11.4993777929595389,32.6305667357933374,3.0000000000000000,-1.0000000000000000,1.0000000000000000,0.0000000000000000,0.0000000000000000,0.0000000000000000,0.0000000000000000,0.0000000000000000,0.0000000000000000,0.0000000000000000,0.0000000000000000,0.0000000000000000
H1,2026.09.07 10:00,42.6935514245464632,13.4272884355254867,30.8097441472673453,3.0000000000000000,-1.0000000000000000,-1.0000000000000000,0.0000000000000000,0.0000000000000000,0.0000000000000000,0.0000000000000000,1.0000000000000000,0.0000000000000000,0.0000000000000000,0.0000000000000000,0.0000000000000000
H1,2026.09.07 11:00,41.0797596510538483,19.0408618721866176,28.6211483070866919,3.0000000000000000,-1.0000000000000000,-1.0000000000000000,0.0000000000000000,0.0000000000000000,0.0000000000000000,0.0000000000000000,0.0000000000000000,0.0000000000000000,0.0000000000000000,0.0000000000000000,0.0000000000000000
H1,2026.09.07 12:00,39.6681620066667691,18.2658900984900399,28.1634052920682940,2.0000000000000000,-1.0000000000000000,-1.0000000000000000,0.0000000000000000,0.0000000000000000,0.0000000000000000,0.0000000000000000,0.0000000000000000,0.0000000000000000,0.0000000000000000,0.0000000000000000,0.0000000000000000
H1,2026.09.07 13:00,39.0466568138310137,16.9592924135629738,32.1746416573187943,2.0000000000000000,-1.0000000000000000,-1.0000000000000000,0.0000000000000000,0.0000000000000000,0.0000000000000000,0.0000000000000000,0.0000000000000000,0.0000000000000000,0.0000000000000000,0.0000000000000000,0.0000000000000000
H1,2026.09.07 14:00,38.7456749505551912,16.0238404720832470,33.1538676351303536,2.0000000000000000,-1.0000000000000000,-1.0000000000000000,0.0000000000000000,0.0000000000000000,0.0000000000000000,0.0000000000000000,0.0000000000000000,0.0000000000000000,0.0000000000000000,0.0000000000000000,0.0000000000000000
H1,2026.09.07 15:00,38.2109714752867760,16.4625745428805992,31.4353973591415148,2.0000000000000000,-1.0000000000000000,-1.0000000000000000,0.0000000000000000,0.0000000000000000,0.0000000000000000,0.0000000000000000,0.0000000000000000,0.0000000000000000,0.0000000000000000,0.0000000000000000,0.0000000000000000
H1,2026.09.07 16:00,36.9416085110018032,19.6865664880716765,29.8019686131471034,2.0000000000000000,-1.0000000000000000,-1.0000000000000000,0.0000000000000000,0.0000000000000000,0.0000000000000000,0.0000000000000000,0.0000000000000000,0.0000000000000000,0.0000000000000000,0.0000000000000000,0.0000000000000000
H1,2026.09.07 17:00,34.9364910771303912,23.0355618826979125,27.5198049408406150,2.0000000000000000,-1.0000000000000000,-1.0000000000000000,0.0000000000000000,0.0000000000000000,0.0000000000000000,0.0000000000000000,0.0000000000000000,0.0000000000000000,0.0000000000000000,0.0000000000000000,0.0000000000000000
H1,2026.09.07 18:00,33.0745963171069448,22.2587911062507473,26.5918232245523179,2.0000000000000000,-1.0000000000000000,-1.0000000000000000,0.0000000000000000,0.0000000000000000,0.0000000000000000,0.0000000000000000,0.0000000000000000,0.0000000000000000,0.0000000000000000,0.0000000000000000,0.0000000000000000
H1,2026.09.07 19:00,31.2972087843266067,22.0092783956565015,25.9366078581777444,2.0000000000000000,-1.0000000000000000,-1.0000000000000000,0.0000000000000000,0.0000000000000000,0.0000000000000000,0.0000000000000000,0.0000000000000000,0.0000000000000000,0.0000000000000000,0.0000000000000000,0.0000000000000000
H1,2026.09.07 20:00,29.6467775038877158,21.6793478310976724,25.5478045762365121,2.0000000000000000,-1.0000000000000000,-1.0000000000000000,0.0000000000000000,0.0000000000000000,0.0000000000000000,0.0000000000000000,0.0000000000000000,0.0000000000000000,0.0000000000000000,0.0000000000000000,0.0000000000000000
H1,2026.09.08 01:00,28.5016018885571115,20.8611573180993233,27.4365629750513556,2.0000000000000000,-1.0000000000000000,-1.0000000000000000,0.0000000000000000,0.0000000000000000,0.0000000000000000,0.0000000000000000,0.0000000000000000,0.0000000000000000,0.0000000000000000,0.0000000000000000,0.0000000000000000
H1,2026.09.08 02:00,26.5984543031292234,25.5970068224167307,24.6634017931526551,2.0000000000000000,1.0000000000000000,-1.0000000000000000,0.0000000000000000,0.0000000000000000,0.0000000000000000,0.0000000000000000,0.0000000000000000,0.0000000000000000,0.0000000000000000,0.0000000000000000,0.0000000000000000
H1,2026.09.08 03:00,24.9876779015695654,24.7895646808838599,22.8608728700045312,1.0000000000000000,1.0000000000000000,-1.0000000000000000,0.0000000000000000,0.0000000000000000,0.0000000000000000,0.0000000000000000,0.0000000000000000,0.0000000000000000,0.0000000000000000,0.0000000000000000,0.0000000000000000
H1,2026.09.08 04:00,24.1949051269265958,26.9396559055897030,20.3690205158834665,1.0000000000000000,1.0000000000000000,-1.0000000000000000,0.0000000000000000,0.0000000000000000,0.0000000000000000,0.0000000000000000,0.0000000000000000,0.0000000000000000,0.0000000000000000,0.0000000000000000,0.0000000000000000
H1,2026.09.08 05:00,23.4587589790438394,24.7867242920627469,18.7411931836076456,1.0000000000000000,1.0000000000000000,-1.0000000000000000,0.0000000000000000,0.0000000000000000,0.0000000000000000,0.0000000000000000,0.0000000000000000,0.0000000000000000,0.0000000000000000,0.0000000000000000,0.0000000000000000
H1,2026.09.08 06:00,22.8724823138149738,23.4517420031476931,17.2451114182551706,1.0000000000000000,1.0000000000000000,-1.0000000000000000,0.0000000000000000,0.0000000000000000,0.0000000000000000,0.0000000000000000,0.0000000000000000,0.0000000000000000,0.0000000000000000,0.0000000000000000,0.0000000000000000
H1,2026.09.08 07:00,22.5288744094812117,23.5379890777236334,16.3359665205727751,1.0000000000000000,1.0000000000000000,-1.0000000000000000,0.0000000000000000,0.0000000000000000,0.0000000000000000,0.0000000000000000,0.0000000000000000,0.0000000000000000,0.0000000000000000,0.0000000000000000,0.0000000000000000
H1,2026.09.08 08:00,20.9402293612918450,21.3719988684027307,21.2493160836111557,1.0000000000000000,1.0000000000000000,-1.0000000000000000,0.0000000000000000,0.0000000000000000,0.0000000000000000,0.0000000000000000,0.0000000000000000,0.0000000000000000,0.0000000000000000,0.0000000000000000,0.0000000000000000
H1,2026.09.08 09:00,20.7110277928761058,19.3081298253897345,27.6311193242413360,1.0000000000000000,-1.0000000000000000,-1.0000000000000000,0.0000000000000000,0.0000000000000000,0.0000000000000000,0.0000000000000000,0.0000000000000000,0.0000000000000000,0.0000000000000000,0.0000000000000000,0.0000000000000000
H1,2026.09.08 10:00,20.9387787970857958,17.6920174980675107,28.8044634130364515,1.0000000000000000,-1.0000000000000000,1.0000000000000000,0.0000000000000000,0.0000000000000000,0.0000000000000000,0.0000000000000000,0.0000000000000000,0.0000000000000000,0.0000000000000000,0.0000000000000000,0.0000000000000000
H1,2026.09.08 11:00,21.2778271808732917,16.8371339136345704,28.4760256535582066,1.0000000000000000,-1.0000000000000000,1.0000000000000000,0.0000000000000000,0.0000000000000000,0.0000000000000000,0.0000000000000000,0.0000000000000000,0.0000000000000000,0.0000000000000000,0.0000000000000000,0.0000000000000000
H1,2026.09.08 12:00,20.9780433549920460,18.8402708752295745,26.6022395639303575,1.0000000000000000,-1.0000000000000000,-1.0000000000000000,0.0000000000000000,0.0000000000000000,0.0000000000000000,0.0000000000000000,0.0000000000000000,0.0000000000000000,0.0000000000000000,0.0000000000000000,0.0000000000000000
H1,2026.09.08 13:00,20.5928216297831348,18.2726952222194932,25.0198050721520886,1.0000000000000000,-1.0000000000000000,-1.0000000000000000,0.0000000000000000,0.0000000000000000,0.0000000000000000,0.0000000000000000,0.0000000000000000,0.0000000000000000,0.0000000000000000,0.0000000000000000,0.0000000000000000
H1,2026.09.08 14:00,20.4049641754801954,16.8881970919687668,24.2838581392713238,1.0000000000000000,-1.0000000000000000,-1.0000000000000000,0.0000000000000000,0.0000000000000000,0.0000000000000000,0.0000000000000000,0.0000000000000000,0.0000000000000000,0.0000000000000000,0.0000000000000000,0.0000000000000000
H1,2026.09.08 15:00,20.6041747968207645,14.9723353882002712,24.0150312346732875,1.0000000000000000,-1.0000000000000000,1.0000000000000000,0.0000000000000000,0.0000000000000000,0.0000000000000000,0.0000000000000000,0.0000000000000000,0.0000000000000000,0.0000000000000000,0.0000000000000000,0.0000000000000000
H1,2026.09.08 16:00,20.6652550997312510,14.0576137949372413,21.7394025868271044,1.0000000000000000,-1.0000000000000000,1.0000000000000000,0.0000000000000000,0.0000000000000000,0.0000000000000000,0.0000000000000000,0.0000000000000000,0.0000000000000000,0.0000000000000000,0.0000000000000000,0.0000000000000000
H1,2026.09.08 17:00,20.8064574191738565,13.1895403353243221,20.9105017194248114,1.0000000000000000,-1.0000000000000000,1.0000000000000000,0.0000000000000000,0.0000000000000000,0.0000000000000000,0.0000000000000000,0.0000000000000000,0.0000000000000000,1.0000000000000000,0.0000000000000000,0.0000000000000000
H1,2026.09.08 18:00,20.3188522750948302,14.7919403209194762,19.5999169463891044,1.0000000000000000,-1.0000000000000000,-1.0000000000000000,0.0000000000000000,0.0000000000000000,0.0000000000000000,0.0000000000000000,0.0000000000000000,0.0000000000000000,0.0000000000000000,0.0000000000000000,0.0000000000000000
H4,2026.08.27 08:00,29.5774729745083356,21.4551501129353639,16.1720810111094906,2.0000000000000000,1.0000000000000000,-1.0000000000000000,0.0000000000000000,0.0000000000000000,0.0000000000000000,0.0000000000000000,0.0000000000000000,0.0000000000000000,0.0000000000000000,0.0000000000000000,0.0000000000000000
H4,2026.08.27 12:00,27.4991285843784610,20.1151272381881192,19.9226848885529258,2.0000000000000000,1.0000000000000000,-1.0000000000000000,0.0000000000000000,0.0000000000000000,0.0000000000000000,0.0000000000000000,0.0000000000000000,0.0000000000000000,0.0000000000000000,0.0000000000000000,0.0000000000000000
H4,2026.08.27 16:00,26.1018047829820787,21.0827737715376564,17.9823342213116782,2.0000000000000000,1.0000000000000000,-1.0000000000000000,0.0000000000000000,0.0000000000000000,0.0000000000000000,0.0000000000000000,0.0000000000000000,0.0000000000000000,0.0000000000000000,0.0000000000000000,0.0000000000000000
H4,2026.08.27 20:00,24.8502662458623789,20.5949835098716890,17.3400564532910835,1.0000000000000000,1.0000000000000000,-1.0000000000000000,0.0000000000000000,0.0000000000000000,0.0000000000000000,0.0000000000000000,0.0000000000000000,0.0000000000000000,0.0000000000000000,0.0000000000000000,0.0000000000000000
H4,2026.08.28 00:00,23.1200741694367302,19.5313118559988511,19.2876926438449452,1.0000000000000000,1.0000000000000000,-1.0000000000000000,0.0000000000000000,0.0000000000000000,0.0000000000000000,0.0000000000000000,0.0000000000000000,0.0000000000000000,0.0000000000000000,0.0000000000000000,0.0000000000000000
H4,2026.08.28 04:00,21.8246447197449634,18.4482174201945277,20.3836202356781478,1.0000000000000000,-1.0000000000000000,-1.0000000000000000,0.0000000000000000,0.0000000000000000,0.0000000000000000,0.0000000000000000,0.0000000000000000,0.0000000000000000,0.0000000000000000,0.0000000000000000,0.0000000000000000
H4,2026.08.28 08:00,20.3985827228480155,19.3312123279651331,18.6253058232732692,1.0000000000000000,1.0000000000000000,-1.0000000000000000,0.0000000000000000,0.0000000000000000,0.0000000000000000,0.0000000000000000,0.0000000000000000,0.0000000000000000,0.0000000000000000,0.0000000000000000,0.0000000000000000
H4,2026.08.28 12:00,19.0743822971579959,18.4959114028063248,17.8205070904467889,0.0000000000000000,1.0000000000000000,-1.0000000000000000,0.0000000000000000,0.0000000000000000,0.0000000000000000,0.0000000000000000,0.0000000000000000,0.0000000000000000,0.0000000000000000,0.0000000000000000,0.0000000000000000
H4,2026.08.28 16:00,20.7352992603283042,13.4792039493021534,33.2645247152238568,1.0000000000000000,-1.0000000000000000,1.0000000000000000,1.0000000000000000,0.0000000000000000,0.0000000000000000,1.0000000000000000,0.0000000000000000,0.0000000000000000,0.0000000000000000,0.0000000000000000,0.0000000000000000
H4,2026.08.28 20:00,22.5487301156231830,12.5725375366423169,34.0990099985424635,1.0000000000000000,-1.0000000000000000,1.0000000000000000,0.0000000000000000,0.0000000000000000,0.0000000000000000,0.0000000000000000,0.0000000000000000,0.0000000000000000,0.0000000000000000,0.0000000000000000,0.0000000000000000
H4,2026.08.31 00:00,24.3911181499158367,11.7804469333840292,33.8290772950075791,1.0000000000000000,-1.0000000000000000,1.0000000000000000,0.0000000000000000,0.0000000000000000,0.0000000000000000,0.0000000000000000,0.0000000000000000,0.0000000000000000,1.0000000000000000,0.0000000000000000,0.0000000000000000
H4,2026.08.31 04:00,26.5720968643143678,10.5318709073022259,36.1983737315401584,2.0000000000000000,-1.0000000000000000,1.0000000000000000,0.0000000000000000,1.0000000000000000,0.0000000000000000,0.0000000000000000,0.0000000000000000,0.0000000000000000,0.0000000000000000,0.0000000000000000,0.0000000000000000
H4,2026.08.31 08:00,28.5972913848272868,10.0152603375094795,34.4227668480513174,2.0000000000000000,-1.0000000000000000,1.0000000000000000,0.0000000000000000,0.0000000000000000,0.0000000000000000,0.0000000000000000,0.0000000000000000,1.0000000000000000,0.0000000000000000,0.0000000000000000,0.0000000000000000
H4,2026.08.31 12:00,29.8764225154971009,11.9682795450978646,32.7772406209986756,2.0000000000000000,-1.0000000000000000,1.0000000000000000,0.0000000000000000,0.0000000000000000,0.0000000000000000,0.0000000000000000,0.0000000000000000,0.0000000000000000,0.0000000000000000,0.0000000000000000,0.0000000000000000
H4,2026.08.31 16:00,31.3432860543782468,11.3077103499926590,34.2994007165600508,2.0000000000000000,-1.0000000000000000,1.0000000000000000,0.0000000000000000,0.0000000000000000,0.0000000000000000,0.0000000000000000,0.0000000000000000,0.0000000000000000,0.0000000000000000,0.0000000000000000,0.0000000000000000
H4,2026.08.31 20:00,32.3868559856173661,12.0488986029797491,32.5380634898409654,2.0000000000000000,-1.0000000000000000,1.0000000000000000,0.0000000000000000,0.0000000000000000,0.0000000000000000,0.0000000000000000,0.0000000000000000,0.0000000000000000,0.0000000000000000,0.0000000000000000,0.0000000000000000
H4,2026.09.01 00:00,33.1199870788689026,12.6186706141471508,31.3876858642088479,2.0000000000000000,-1.0000000000000000,1.0000000000000000,0.0000000000000000,0.0000000000000000,0.0000000000000000,0.0000000000000000,0.0000000000000000,0.0000000000000000,0.0000000000000000,0.0000000000000000,0.0000000000000000
H4,2026.09.01 04:00,34.0749582574112679,11.8904486652789690,32.5511739586595397,2.0000000000000000,-1.0000000000000000,1.0000000000000000,0.0000000000000000,0.0000000000000000,0.0000000000000000,0.0000000000000000,0.0000000000000000,0.0000000000000000,0.0000000000000000,0.0000000000000000,0.0000000000000000
H4,2026.09.01 08:00,35.7220064423094144,10.3332503828588003,37.8782080117023412,2.0000000000000000,-1.0000000000000000,1.0000000000000000,0.0000000000000000,0.0000000000000000,0.0000000000000000,0.0000000000000000,0.0000000000000000,0.0000000000000000,0.0000000000000000,0.0000000000000000,0.0000000000000000
H4,2026.09.01 12:00,37.4404771331577422,9.7055698796989721,38.5575516088931423,2.0000000000000000,-1.0000000000000000,1.0000000000000000,0.0000000000000000,0.0000000000000000,0.0000000000000000,0.0000000000000000,0.0000000000000000,0.0000000000000000,0.0000000000000000,0.0000000000000000,0.0000000000000000
H4,2026.09.01 16:00,39.2964019475982483,8.8890395487596124,39.7160550279288174,2.0000000000000000,-1.0000000000000000,1.0000000000000000,0.0000000000000000,0.0000000000000000,0.0000000000000000,0.0000000000000000,0.0000000000000000,0.0000000000000000,0.0000000000000000,0.0000000000000000,0.0000000000000000
H4,2026.09.01 20:00,41.0533347849655357,8.4370472317976990,38.2971323500789254,3.0000000000000000,-1.0000000000000000,1.0000000000000000,0.0000000000000000,0.0000000000000000,0.0000000000000000,0.0000000000000000,0.0000000000000000,0.0000000000000000,0.0000000000000000,0.0000000000000000,0.0000000000000000
H4,2026.09.02 00:00,42.7667101776793857,8.1164498397105440,38.3171135722841854,3.0000000000000000,-1.0000000000000000,1.0000000000000000,0.0000000000000000,0.0000000000000000,0.0000000000000000,0.0000000000000000,0.0000000000000000,0.0000000000000000,0.0000000000000000,0.0000000000000000,0.0000000000000000
H4,2026.09.02 04:00,44.6531254756427956,7.4751828665501839,41.0279966660162572,3.0000000000000000,-1.0000000000000000,1.0000000000000000,0.0000000000000000,0.0000000000000000,0.0000000000000000,0.0000000000000000,0.0000000000000000,0.0000000000000000,0.0000000000000000,0.0000000000000000,0.0000000000000000
H4,2026.09.02 08:00,46.1699688862173687,8.0052561631938897,38.9311601951051784,3.0000000000000000,-1.0000000000000000,1.0000000000000000,0.0000000000000000,0.0000000000000000,0.0000000000000000,0.0000000000000000,0.0000000000000000,0.0000000000000000,0.0000000000000000,0.0000000000000000,0.0000000000000000
H4,2026.09.02 12:00,46.9729897126036136,9.7161087399589051,35.9125573686754294,3.0000000000000000,-1.0000000000000000,1.0000000000000000,0.0000000000000000,0.0000000000000000,0.0000000000000000,0.0000000000000000,0.0000000000000000,0.0000000000000000,0.0000000000000000,0.0000000000000000,0.0000000000000000
H4,2026.09.02 16:00,45.6335929997737040,17.7756254908331961,31.7534384361301428,3.0000000000000000,-1.0000000000000000,-1.0000000000000000,0.0000000000000000,0.0000000000000000,0.0000000000000000,0.0000000000000000,1.0000000000000000,0.0000000000000000,0.0000000000000000,0.0000000000000000,0.0000000000000000
H4,2026.09.02 20:00,44.3898674807173635,16.9268235437503130,30.2371834731155929,3.0000000000000000,-1.0000000000000000,-1.0000000000000000,0.0000000000000000,0.0000000000000000,0.0000000000000000,0.0000000000000000,0.0000000000000000,0.0000000000000000,0.0000000000000000,0.0000000000000000,0.0000000000000000
H4,2026.09.03 00:00,43.0064744177711091,17.5713042785479985,29.2994837495944332,3.0000000000000000,-1.0000000000000000,-1.0000000000000000,0.0000000000000000,0.0000000000000000,0.0000000000000000,0.0000000000000000,0.0000000000000000,0.0000000000000000,0.0000000000000000,0.0000000000000000,0.0000000000000000
H4,2026.09.03 04:00,40.4118042440651166,23.2690597581125225,26.6009189060044982,3.0000000000000000,-1.0000000000000000,-1.0000000000000000,0.0000000000000000,0.0000000000000000,0.0000000000000000,0.0000000000000000,0.0000000000000000,0.0000000000000000,0.0000000000000000,0.0000000000000000,0.0000000000000000
H4,2026.09.03 08:00,37.8510333068066061,23.1624233458876070,25.3762789565948062,2.0000000000000000,-1.0000000000000000,-1.0000000000000000,0.0000000000000000,0.0000000000000000,0.0000000000000000,0.0000000000000000,0.0000000000000000,0.0000000000000000,0.0000000000000000,0.0000000000000000,0.0000000000000000
H4,2026.09.03 12:00,36.1332202981696682,29.0750040690783393,22.0226799558849358,2.0000000000000000,1.0000000000000000,-1.0000000000000000,0.0000000000000000,0.0000000000000000,0.0000000000000000,0.0000000000000000,0.0000000000000000,0.0000000000000000,0.0000000000000000,0.0000000000000000,0.0000000000000000
H4,2026.09.03 16:00,34.8725603912447824,29.0667995676514472,19.9977223615337110,2.0000000000000000,1.0000000000000000,-1.0000000000000000,0.0000000000000000,0.0000000000000000,0.0000000000000000,0.0000000000000000,0.0000000000000000,0.0000000000000000,0.0000000000000000,0.0000000000000000,0.0000000000000000
H4,2026.09.03 20:00,33.7019476205288129,27.8355433914363069,19.1506280981777870,2.0000000000000000,1.0000000000000000,-1.0000000000000000,0.0000000000000000,0.0000000000000000,0.0000000000000000,0.0000000000000000,0.0000000000000000,0.0000000000000000,0.0000000000000000,0.0000000000000000,0.0000000000000000
H4,2026.09.04 00:00,32.6149500477211305,27.0134998619680538,18.5850688169387084,2.0000000000000000,1.0000000000000000,-1.0000000000000000,0.0000000000000000,0.0000000000000000,0.0000000000000000,0.0000000000000000,0.0000000000000000,0.0000000000000000,0.0000000000000000,0.0000000000000000,0.0000000000000000
H4,2026.09.04 04:00,31.3988834508393282,25.8977695533270378,18.9119295375993168,2.0000000000000000,1.0000000000000000,-1.0000000000000000,0.0000000000000000,0.0000000000000000,0.0000000000000000,0.0000000000000000,0.0000000000000000,0.0000000000000000,0.0000000000000000,0.0000000000000000,0.0000000000000000
H4,2026.09.04 08:00,30.0748414697226352,24.3819448014219198,18.8245922389849306,2.0000000000000000,1.0000000000000000,-1.0000000000000000,0.0000000000000000,0.0000000000000000,0.0000000000000000,0.0000000000000000,0.0000000000000000,0.0000000000000000,0.0000000000000000,0.0000000000000000,0.0000000000000000
H4,2026.09.04 12:00,29.2366806417023533,20.2448465677418419,29.3387753010830217,2.0000000000000000,-1.0000000000000000,-1.0000000000000000,0.0000000000000000,0.0000000000000000,0.0000000000000000,0.0000000000000000,0.0000000000000000,0.0000000000000000,0.0000000000000000,0.0000000000000000,0.0000000000000000
H4,2026.09.04 16:00,28.7605883709036299,17.5432663647235110,27.7714205559946450,2.0000000000000000,-1.0000000000000000,-1.0000000000000000,0.0000000000000000,0.0000000000000000,0.0000000000000000,0.0000000000000000,0.0000000000000000,0.0000000000000000,0.0000000000000000,0.0000000000000000,0.0000000000000000
H4,2026.09.04 20:00,28.3185026908762439,16.7251732659749842,26.4763591331693320,2.0000000000000000,-1.0000000000000000,-1.0000000000000000,0.0000000000000000,0.0000000000000000,0.0000000000000000,0.0000000000000000,0.0000000000000000,0.0000000000000000,0.0000000000000000,0.0000000000000000,0.0000000000000000
H4,2026.09.07 00:00,27.9493366199020664,16.0149236311181404,25.6635686574515703,2.0000000000000000,-1.0000000000000000,-1.0000000000000000,0.0000000000000000,0.0000000000000000,0.0000000000000000,0.0000000000000000,0.0000000000000000,0.0000000000000000,0.0000000000000000,0.0000000000000000,0.0000000000000000
H4,2026.09.07 04:00,28.0571313874924293,15.2016292165909732,27.8981668524955709,2.0000000000000000,-1.0000000000000000,1.0000000000000000,0.0000000000000000,0.0000000000000000,0.0000000000000000,0.0000000000000000,0.0000000000000000,0.0000000000000000,0.0000000000000000,0.0000000000000000,0.0000000000000000
H4,2026.09.07 08:00,27.9668658670656818,15.0255947882252396,26.0242495770391677,2.0000000000000000,-1.0000000000000000,-1.0000000000000000,0.0000000000000000,0.0000000000000000,0.0000000000000000,0.0000000000000000,0.0000000000000000,0.0000000000000000,0.0000000000000000,0.0000000000000000,0.0000000000000000
H4,2026.09.07 12:00,27.9785904445783410,14.1613744367726984,25.2474844531670080,2.0000000000000000,-1.0000000000000000,1.0000000000000000,0.0000000000000000,0.0000000000000000,0.0000000000000000,0.0000000000000000,0.0000000000000000,0.0000000000000000,0.0000000000000000,0.0000000000000000,0.0000000000000000
H4,2026.09.07 16:00,27.7391829180759828,14.5982639760611246,24.1377335750693725,2.0000000000000000,-1.0000000000000000,-1.0000000000000000,0.0000000000000000,0.0000000000000000,0.0000000000000000,0.0000000000000000,0.0000000000000000,0.0000000000000000,0.0000000000000000,0.0000000000000000,0.0000000000000000
H4,2026.09.07 20:00,27.5168759291809373,14.5096772715819498,23.9912584685417656,2.0000000000000000,-1.0000000000000000,-1.0000000000000000,0.0000000000000000,0.0000000000000000,0.0000000000000000,0.0000000000000000,0.0000000000000000,0.0000000000000000,0.0000000000000000,0.0000000000000000,0.0000000000000000
H4,2026.09.08 00:00,26.6330229347708425,16.8349356610444723,22.8433998178664553,2.0000000000000000,-1.0000000000000000,-1.0000000000000000,0.0000000000000000,0.0000000000000000,0.0000000000000000,0.0000000000000000,0.0000000000000000,0.0000000000000000,0.0000000000000000,0.0000000000000000,0.0000000000000000
H4,2026.09.08 04:00,25.2797721208596045,18.5504306764695813,21.6400808912267025,2.0000000000000000,-1.0000000000000000,-1.0000000000000000,0.0000000000000000,0.0000000000000000,0.0000000000000000,0.0000000000000000,0.0000000000000000,0.0000000000000000,0.0000000000000000,0.0000000000000000,0.0000000000000000
H4,2026.09.08 08:00,24.9311285824427210,16.7207438115485445,25.2905222293546714,1.0000000000000000,-1.0000000000000000,-1.0000000000000000,0.0000000000000000,0.0000000000000000,0.0000000000000000,0.0000000000000000,0.0000000000000000,0.0000000000000000,0.0000000000000000,0.0000000000000000,0.0000000000000000
H4,2026.09.08 12:00,24.6764885955878377,15.8339956452017195,24.4387353074034977,1.0000000000000000,-1.0000000000000000,-1.0000000000000000,0.0000000000000000,0.0000000000000000,0.0000000000000000,0.0000000000000000,0.0000000000000000,0.0000000000000000,0.0000000000000000,0.0000000000000000,0.0000000000000000
