bar,time,open,high,low,close,support_upper,support_lower,resistance_upper,resistance_lower,support_reactions,resistance_reactions,event_mask,bull_rejection,bear_rejection,ATR,zone_count,support_quality,resistance_quality,arrival_mask
0,2026.03.02 00:00,108.0,110.0,105.0,108.0,1.7976931348623157e+308,1.7976931348623157e+308,1.7976931348623157e+308,1.7976931348623157e+308,1.7976931348623157e+308,1.7976931348623157e+308,1.7976931348623157e+308,1.7976931348623157e+308,1.7976931348623157e+308,1.7976931348623157e+308,1.7976931348623157e+308,1.7976931348623157e+308,1.7976931348623157e+308,1.7976931348623157e+308
1,2026.03.02 00:01,108.0,110.0,105.0,108.0,1.7976931348623157e+308,1.7976931348623157e+308,1.7976931348623157e+308,1.7976931348623157e+308,1.7976931348623157e+308,1.7976931348623157e+308,1.7976931348623157e+308,1.7976931348623157e+308,1.7976931348623157e+308,1.7976931348623157e+308,1.7976931348623157e+308,1.7976931348623157e+308,1.7976931348623157e+308,1.7976931348623157e+308
2,2026.03.02 00:02,108.0,110.0,105.0,108.0,1.7976931348623157e+308,1.7976931348623157e+308,1.7976931348623157e+308,1.7976931348623157e+308,1.7976931348623157e+308,1.7976931348623157e+308,1.7976931348623157e+308,1.7976931348623157e+308,1.7976931348623157e+308,1.7976931348623157e+308,1.7976931348623157e+308,1.7976931348623157e+308,1.7976931348623157e+308,1.7976931348623157e+308
3,2026.03.02 00:03,108.0,110.0,105.0,108.0,1.7976931348623157e+308,1.7976931348623157e+308,1.7976931348623157e+308,1.7976931348623157e+308,1.7976931348623157e+308,1.7976931348623157e+308,1.7976931348623157e+308,1.7976931348623157e+308,1.7976931348623157e+308,1.7976931348623157e+308,1.7976931348623157e+308,1.7976931348623157e+308,1.7976931348623157e+308,1.7976931348623157e+308
4,2026.03.02 00:04,108.0,110.0,105.0,108.0,1.7976931348623157e+308,1.7976931348623157e+308,1.7976931348623157e+308,1.7976931348623157e+308,1.7976931348623157e+308,1.7976931348623157e+308,1.7976931348623157e+308,1.7976931348623157e+308,1.7976931348623157e+308,1.7976931348623157e+308,1.7976931348623157e+308,1.7976931348623157e+308,1.7976931348623157e+308,1.7976931348623157e+308
5,2026.03.02 00:05,108.0,110.0,105.0,108.0,1.7976931348623157e+308,1.7976931348623157e+308,1.7976931348623157e+308,1.7976931348623157e+308,1.7976931348623157e+308,1.7976931348623157e+308,1.7976931348623157e+308,1.7976931348623157e+308,1.7976931348623157e+308,1.7976931348623157e+308,1.7976931348623157e+308,1.7976931348623157e+308,1.7976931348623157e+308,1.7976931348623157e+308
6,2026.03.02 00:06,108.0,110.0,105.0,108.0,1.7976931348623157e+308,1.7976931348623157e+308,1.7976931348623157e+308,1.7976931348623157e+308,1.7976931348623157e+308,1.7976931348623157e+308,1.7976931348623157e+308,1.7976931348623157e+308,1.7976931348623157e+308,1.7976931348623157e+308,1.7976931348623157e+308,1.7976931348623157e+308,1.7976931348623157e+308,1.7976931348623157e+308
7,2026.03.02 00:07,108.0,110.0,105.0,108.0,1.7976931348623157e+308,1.7976931348623157e+308,1.7976931348623157e+308,1.7976931348623157e+308,1.7976931348623157e+308,1.7976931348623157e+308,1.7976931348623157e+308,1.7976931348623157e+308,1.7976931348623157e+308,1.7976931348623157e+308,1.7976931348623157e+308,1.7976931348623157e+308,1.7976931348623157e+308,1.7976931348623157e+308
8,2026.03.02 00:08,108.0,110.0,105.0,108.0,1.7976931348623157e+308,1.7976931348623157e+308,1.7976931348623157e+308,1.7976931348623157e+308,1.7976931348623157e+308,1.7976931348623157e+308,1.7976931348623157e+308,1.7976931348623157e+308,1.7976931348623157e+308,1.7976931348623157e+308,1.7976931348623157e+308,1.7976931348623157e+308,1.7976931348623157e+308,1.7976931348623157e+308
9,2026.03.02 00:09,108.0,110.0,105.0,108.0,1.7976931348623157e+308,1.7976931348623157e+308,1.7976931348623157e+308,1.7976931348623157e+308,1.7976931348623157e+308,1.7976931348623157e+308,1.7976931348623157e+308,1.7976931348623157e+308,1.7976931348623157e+308,1.7976931348623157e+308,1.7976931348623157e+308,1.7976931348623157e+308,1.7976931348623157e+308,1.7976931348623157e+308
10,2026.03.02 00:10,108.0,110.0,105.0,108.0,1.7976931348623157e+308,1.7976931348623157e+308,1.7976931348623157e+308,1.7976931348623157e+308,1.7976931348623157e+308,1.7976931348623157e+308,1.7976931348623157e+308,1.7976931348623157e+308,1.7976931348623157e+308,1.7976931348623157e+308,1.7976931348623157e+308,1.7976931348623157e+308,1.7976931348623157e+308,1.7976931348623157e+308
11,2026.03.02 00:11,108.0,110.0,105.0,108.0,1.7976931348623157e+308,1.7976931348623157e+308,1.7976931348623157e+308,1.7976931348623157e+308,1.7976931348623157e+308,1.7976931348623157e+308,1.7976931348623157e+308,1.7976931348623157e+308,1.7976931348623157e+308,1.7976931348623157e+308,1.7976931348623157e+308,1.7976931348623157e+308,1.7976931348623157e+308,1.7976931348623157e+308
12,2026.03.02 00:12,108.0,110.0,105.0,108.0,1.7976931348623157e+308,1.7976931348623157e+308,1.7976931348623157e+308,1.7976931348623157e+308,1.7976931348623157e+308,1.7976931348623157e+308,1.7976931348623157e+308,1.7976931348623157e+308,1.7976931348623157e+308,1.7976931348623157e+308,1.7976931348623157e+308,1.7976931348623157e+308,1.7976931348623157e+308,1.7976931348623157e+308
13,2026.03.02 00:13,108.0,110.0,105.0,108.0,1.7976931348623157e+308,1.7976931348623157e+308,1.7976931348623157e+308,1.7976931348623157e+308,1.7976931348623157e+308,1.7976931348623157e+308,1.7976931348623157e+308,1.7976931348623157e+308,1.7976931348623157e+308,1.7976931348623157e+308,1.7976931348623157e+308,1.7976931348623157e+308,1.7976931348623157e+308,1.7976931348623157e+308
14,2026.03.02 00:14,108.0,110.0,105.0,108.0,1.7976931348623157e+308,1.7976931348623157e+308,1.7976931348623157e+308,1.7976931348623157e+308,1.7976931348623157e+308,1.7976931348623157e+308,1.7976931348623157e+308,1.7976931348623157e+308,1.7976931348623157e+308,5.0,1.7976931348623157e+308,1.7976931348623157e+308,1.7976931348623157e+308,1.7976931348623157e+308
15,2026.03.02 00:15,108.0,110.0,105.0,108.0,1.7976931348623157e+308,1.7976931348623157e+308,1.7976931348623157e+308,1.7976931348623157e+308,1.7976931348623157e+308,1.7976931348623157e+308,1.7976931348623157e+308,1.7976931348623157e+308,1.7976931348623157e+308,5.0,1.7976931348623157e+308,1.7976931348623157e+308,1.7976931348623157e+308,1.7976931348623157e+308
16,2026.03.02 00:16,108.0,110.0,105.0,108.0,1.7976931348623157e+308,1.7976931348623157e+308,1.7976931348623157e+308,1.7976931348623157e+308,1.7976931348623157e+308,1.7976931348623157e+308,1.7976931348623157e+308,1.7976931348623157e+308,1.7976931348623157e+308,5.0,1.7976931348623157e+308,1.7976931348623157e+308,1.7976931348623157e+308,1.7976931348623157e+308
17,2026.03.02 00:17,108.0,110.0,105.0,108.0,1.7976931348623157e+308,1.7976931348623157e+308,1.7976931348623157e+308,1.7976931348623157e+308,1.7976931348623157e+308,1.7976931348623157e+308,0.0,1.7976931348623157e+308,1.7976931348623157e+308,5.0,0.0,1.7976931348623157e+308,1.7976931348623157e+308,0.0
18,2026.03.02 00:18,108.0,110.0,105.0,108.0,1.7976931348623157e+308,1.7976931348623157e+308,1.7976931348623157e+308,1.7976931348623157e+308,1.7976931348623157e+308,1.7976931348623157e+308,0.0,1.7976931348623157e+308,1.7976931348623157e+308,5.0,0.0,1.7976931348623157e+308,1.7976931348623157e+308,0.0
19,2026.03.02 00:19,108.0,110.0,105.0,108.0,1.7976931348623157e+308,1.7976931348623157e+308,1.7976931348623157e+308,1.7976931348623157e+308,1.7976931348623157e+308,1.7976931348623157e+308,0.0,1.7976931348623157e+308,1.7976931348623157e+308,5.0,0.0,1.7976931348623157e+308,1.7976931348623157e+308,0.0
20,2026.03.02 00:20,108.0,110.0,105.0,108.0,1.7976931348623157e+308,1.7976931348623157e+308,1.7976931348623157e+308,1.7976931348623157e+308,1.7976931348623157e+308,1.7976931348623157e+308,0.0,1.7976931348623157e+308,1.7976931348623157e+308,5.0,0.0,1.7976931348623157e+308,1.7976931348623157e+308,0.0
21,2026.03.02 00:21,108.0,110.0,105.0,108.0,1.7976931348623157e+308,1.7976931348623157e+308,1.7976931348623157e+308,1.7976931348623157e+308,1.7976931348623157e+308,1.7976931348623157e+308,0.0,1.7976931348623157e+308,1.7976931348623157e+308,5.0,0.0,1.7976931348623157e+308,1.7976931348623157e+308,0.0
22,2026.03.02 00:22,108.0,110.0,105.0,108.0,1.7976931348623157e+308,1.7976931348623157e+308,1.7976931348623157e+308,1.7976931348623157e+308,1.7976931348623157e+308,1.7976931348623157e+308,0.0,1.7976931348623157e+308,1.7976931348623157e+308,5.0,0.0,1.7976931348623157e+308,1.7976931348623157e+308,0.0
23,2026.03.02 00:23,108.0,110.0,105.0,108.0,1.7976931348623157e+308,1.7976931348623157e+308,1.7976931348623157e+308,1.7976931348623157e+308,1.7976931348623157e+308,1.7976931348623157e+308,0.0,1.7976931348623157e+308,1.7976931348623157e+308,5.0,0.0,1.7976931348623157e+308,1.7976931348623157e+308,0.0
24,2026.03.02 00:24,108.0,110.0,105.0,108.0,1.7976931348623157e+308,1.7976931348623157e+308,1.7976931348623157e+308,1.7976931348623157e+308,1.7976931348623157e+308,1.7976931348623157e+308,0.0,1.7976931348623157e+308,1.7976931348623157e+308,5.0,0.0,1.7976931348623157e+308,1.7976931348623157e+308,0.0
25,2026.03.02 00:25,108.0,110.0,105.0,108.0,1.7976931348623157e+308,1.7976931348623157e+308,1.7976931348623157e+308,1.7976931348623157e+308,1.7976931348623157e+308,1.7976931348623157e+308,0.0,1.7976931348623157e+308,1.7976931348623157e+308,5.0,0.0,1.7976931348623157e+308,1.7976931348623157e+308,0.0
26,2026.03.02 00:26,108.0,110.0,105.0,108.0,1.7976931348623157e+308,1.7976931348623157e+308,1.7976931348623157e+308,1.7976931348623157e+308,1.7976931348623157e+308,1.7976931348623157e+308,0.0,1.7976931348623157e+308,1.7976931348623157e+308,5.0,0.0,1.7976931348623157e+308,1.7976931348623157e+308,0.0
27,2026.03.02 00:27,108.0,110.0,105.0,108.0,1.7976931348623157e+308,1.7976931348623157e+308,1.7976931348623157e+308,1.7976931348623157e+308,1.7976931348623157e+308,1.7976931348623157e+308,0.0,1.7976931348623157e+308,1.7976931348623157e+308,5.0,0.0,1.7976931348623157e+308,1.7976931348623157e+308,0.0
28,2026.03.02 00:28,108.0,110.0,105.0,108.0,1.7976931348623157e+308,1.7976931348623157e+308,1.7976931348623157e+308,1.7976931348623157e+308,1.7976931348623157e+308,1.7976931348623157e+308,0.0,1.7976931348623157e+308,1.7976931348623157e+308,5.0,0.0,1.7976931348623157e+308,1.7976931348623157e+308,0.0
29,2026.03.02 00:29,108.0,110.0,105.0,108.0,1.7976931348623157e+308,1.7976931348623157e+308,1.7976931348623157e+308,1.7976931348623157e+308,1.7976931348623157e+308,1.7976931348623157e+308,0.0,1.7976931348623157e+308,1.7976931348623157e+308,5.0,0.0,1.7976931348623157e+308,1.7976931348623157e+308,0.0
30,2026.03.02 00:30,108.0,110.0,100.0,108.0,1.7976931348623157e+308,1.7976931348623157e+308,1.7976931348623157e+308,1.7976931348623157e+308,1.7976931348623157e+308,1.7976931348623157e+308,0.0,1.7976931348623157e+308,1.7976931348623157e+308,5.357142857142857,0.0,1.7976931348623157e+308,1.7976931348623157e+308,0.0
31,2026.03.02 00:31,108.0,110.0,105.0,108.0,1.7976931348623157e+308,1.7976931348623157e+308,1.7976931348623157e+308,1.7976931348623157e+308,1.7976931348623157e+308,1.7976931348623157e+308,0.0,1.7976931348623157e+308,1.7976931348623157e+308,5.331632653061225,0.0,1.7976931348623157e+308,1.7976931348623157e+308,0.0
32,2026.03.02 00:32,108.0,110.0,105.0,108.0,1.7976931348623157e+308,1.7976931348623157e+308,1.7976931348623157e+308,1.7976931348623157e+308,1.7976931348623157e+308,1.7976931348623157e+308,0.0,1.7976931348623157e+308,1.7976931348623157e+308,5.307944606413995,0.0,1.7976931348623157e+308,1.7976931348623157e+308,0.0
33,2026.03.02 00:33,108.0,110.0,105.0,108.0,1.7976931348623157e+308,1.7976931348623157e+308,1.7976931348623157e+308,1.7976931348623157e+308,1.7976931348623157e+308,1.7976931348623157e+308,0.0,1.7976931348623157e+308,1.7976931348623157e+308,5.285948563098709,0.0,1.7976931348623157e+308,1.7976931348623157e+308,0.0
34,2026.03.02 00:34,108.0,110.0,105.0,108.0,1.7976931348623157e+308,1.7976931348623157e+308,1.7976931348623157e+308,1.7976931348623157e+308,1.7976931348623157e+308,1.7976931348623157e+308,0.0,1.7976931348623157e+308,1.7976931348623157e+308,5.2655236657345155,0.0,1.7976931348623157e+308,1.7976931348623157e+308,0.0
35,2026.03.02 00:35,108.0,110.0,105.0,108.0,1.7976931348623157e+308,1.7976931348623157e+308,1.7976931348623157e+308,1.7976931348623157e+308,1.7976931348623157e+308,1.7976931348623157e+308,0.0,1.7976931348623157e+308,1.7976931348623157e+308,5.246557689610621,0.0,1.7976931348623157e+308,1.7976931348623157e+308,0.0
36,2026.03.02 00:36,108.0,110.0,105.0,108.0,1.7976931348623157e+308,1.7976931348623157e+308,1.7976931348623157e+308,1.7976931348623157e+308,1.7976931348623157e+308,1.7976931348623157e+308,0.0,1.7976931348623157e+308,1.7976931348623157e+308,5.228946426067005,0.0,1.7976931348623157e+308,1.7976931348623157e+308,0.0
37,2026.03.02 00:37,108.0,110.0,105.0,108.0,1.7976931348623157e+308,1.7976931348623157e+308,1.7976931348623157e+308,1.7976931348623157e+308,1.7976931348623157e+308,1.7976931348623157e+308,0.0,1.7976931348623157e+308,1.7976931348623157e+308,5.212593109919362,0.0,1.7976931348623157e+308,1.7976931348623157e+308,0.0
38,2026.03.02 00:38,108.0,110.0,105.0,108.0,1.7976931348623157e+308,1.7976931348623157e+308,1.7976931348623157e+308,1.7976931348623157e+308,1.7976931348623157e+308,1.7976931348623157e+308,0.0,1.7976931348623157e+308,1.7976931348623157e+308,5.197407887782264,0.0,1.7976931348623157e+308,1.7976931348623157e+308,0.0
39,2026.03.02 00:39,108.0,110.0,105.0,108.0,1.7976931348623157e+308,1.7976931348623157e+308,1.7976931348623157e+308,1.7976931348623157e+308,1.7976931348623157e+308,1.7976931348623157e+308,0.0,1.7976931348623157e+308,1.7976931348623157e+308,5.183307324369245,0.0,1.7976931348623157e+308,1.7976931348623157e+308,0.0
40,2026.03.02 00:40,108.0,110.0,105.0,108.0,1.7976931348623157e+308,1.7976931348623157e+308,1.7976931348623157e+308,1.7976931348623157e+308,1.7976931348623157e+308,1.7976931348623157e+308,0.0,1.7976931348623157e+308,1.7976931348623157e+308,5.170213944057157,0.0,1.7976931348623157e+308,1.7976931348623157e+308,0.0
41,2026.03.02 00:41,108.0,110.0,105.0,108.0,1.7976931348623157e+308,1.7976931348623157e+308,1.7976931348623157e+308,1.7976931348623157e+308,1.7976931348623157e+308,1.7976931348623157e+308,0.0,1.7976931348623157e+308,1.7976931348623157e+308,5.158055805195931,0.0,1.7976931348623157e+308,1.7976931348623157e+308,0.0
42,2026.03.02 00:42,108.0,110.0,105.0,108.0,1.7976931348623157e+308,1.7976931348623157e+308,1.7976931348623157e+308,1.7976931348623157e+308,1.7976931348623157e+308,1.7976931348623157e+308,0.0,1.7976931348623157e+308,1.7976931348623157e+308,5.146766104824793,0.0,1.7976931348623157e+308,1.7976931348623157e+308,0.0
43,2026.03.02 00:43,108.0,110.0,105.0,108.0,1.7976931348623157e+308,1.7976931348623157e+308,1.7976931348623157e+308,1.7976931348623157e+308,1.7976931348623157e+308,1.7976931348623157e+308,0.0,1.7976931348623157e+308,1.7976931348623157e+308,5.136282811623022,0.0,1.7976931348623157e+308,1.7976931348623157e+308,0.0
44,2026.03.02 00:44,108.0,110.0,105.0,108.0,1.7976931348623157e+308,1.7976931348623157e+308,1.7976931348623157e+308,1.7976931348623157e+308,1.7976931348623157e+308,1.7976931348623157e+308,0.0,1.7976931348623157e+308,1.7976931348623157e+308,5.126548325078519,0.0,1.7976931348623157e+308,1.7976931348623157e+308,0.0
45,2026.03.02 00:45,108.0,110.0,105.0,108.0,1.7976931348623157e+308,1.7976931348623157e+308,1.7976931348623157e+308,1.7976931348623157e+308,1.7976931348623157e+308,1.7976931348623157e+308,0.0,1.7976931348623157e+308,1.7976931348623157e+308,5.117509159001481,0.0,1.7976931348623157e+308,1.7976931348623157e+308,0.0
46,2026.03.02 00:46,108.0,110.0,105.0,108.0,1.7976931348623157e+308,1.7976931348623157e+308,1.7976931348623157e+308,1.7976931348623157e+308,1.7976931348623157e+308,1.7976931348623157e+308,0.0,1.7976931348623157e+308,1.7976931348623157e+308,5.1091156476442325,0.0,1.7976931348623157e+308,1.7976931348623157e+308,0.0
47,2026.03.02 00:47,108.0,110.0,105.0,108.0,1.7976931348623157e+308,1.7976931348623157e+308,1.7976931348623157e+308,1.7976931348623157e+308,1.7976931348623157e+308,1.7976931348623157e+308,0.0,1.7976931348623157e+308,1.7976931348623157e+308,5.101321672812502,0.0,1.7976931348623157e+308,1.7976931348623157e+308,0.0
48,2026.03.02 00:48,108.0,110.0,105.0,108.0,1.7976931348623157e+308,1.7976931348623157e+308,1.7976931348623157e+308,1.7976931348623157e+308,1.7976931348623157e+308,1.7976931348623157e+308,0.0,1.7976931348623157e+308,1.7976931348623157e+308,5.094084410468752,0.0,1.7976931348623157e+308,1.7976931348623157e+308,0.0
49,2026.03.02 00:49,108.0,110.0,105.0,108.0,1.7976931348623157e+308,1.7976931348623157e+308,1.7976931348623157e+308,1.7976931348623157e+308,1.7976931348623157e+308,1.7976931348623157e+308,0.0,1.7976931348623157e+308,1.7976931348623157e+308,5.0873640954352695,0.0,1.7976931348623157e+308,1.7976931348623157e+308,0.0
50,2026.03.02 00:50,108.0,110.0,100.2,108.0,1.7976931348623157e+308,1.7976931348623157e+308,1.7976931348623157e+308,1.7976931348623157e+308,1.7976931348623157e+308,1.7976931348623157e+308,0.0,1.7976931348623157e+308,1.7976931348623157e+308,5.423980945761322,0.0,1.7976931348623157e+308,1.7976931348623157e+308,0.0
51,2026.03.02 00:51,108.0,110.0,105.0,108.0,1.7976931348623157e+308,1.7976931348623157e+308,1.7976931348623157e+308,1.7976931348623157e+308,1.7976931348623157e+308,1.7976931348623157e+308,0.0,1.7976931348623157e+308,1.7976931348623157e+308,5.393696592492655,0.0,1.7976931348623157e+308,1.7976931348623157e+308,0.0
52,2026.03.02 00:52,108.0,110.0,105.0,108.0,1.7976931348623157e+308,1.7976931348623157e+308,1.7976931348623157e+308,1.7976931348623157e+308,1.7976931348623157e+308,1.7976931348623157e+308,0.0,1.7976931348623157e+308,1.7976931348623157e+308,5.3655754073146085,0.0,1.7976931348623157e+308,1.7976931348623157e+308,0.0
53,2026.03.02 00:53,108.0,110.0,105.0,108.0,100.80357142857143,99.19642857142857,1.7976931348623157e+308,1.7976931348623157e+308,2.0,1.7976931348623157e+308,1.0,1.7976931348623157e+308,1.7976931348623157e+308,5.339462878220708,1.0,1.0,1.7976931348623157e+308,0.0
54,2026.03.02 00:54,108.0,110.0,105.0,108.0,100.80357142857143,99.19642857142857,1.7976931348623157e+308,1.7976931348623157e+308,2.0,1.7976931348623157e+308,0.0,1.7976931348623157e+308,1.7976931348623157e+308,5.3152155297763715,1.0,1.0,1.7976931348623157e+308,0.0
55,2026.03.02 00:55,108.0,110.0,105.0,108.0,100.80357142857143,99.19642857142857,1.7976931348623157e+308,1.7976931348623157e+308,2.0,1.7976931348623157e+308,0.0,1.7976931348623157e+308,1.7976931348623157e+308,5.292700134792345,1.0,1.0,1.7976931348623157e+308,0.0
56,2026.03.02 00:56,108.0,110.0,105.0,108.0,100.80357142857143,99.19642857142857,1.7976931348623157e+308,1.7976931348623157e+308,2.0,1.7976931348623157e+308,0.0,1.7976931348623157e+308,1.7976931348623157e+308,5.271792982307177,1.0,1.0,1.7976931348623157e+308,0.0
57,2026.03.02 00:57,108.0,110.0,105.0,108.0,100.80357142857143,99.19642857142857,1.7976931348623157e+308,1.7976931348623157e+308,2.0,1.7976931348623157e+308,0.0,1.7976931348623157e+308,1.7976931348623157e+308,5.252379197856665,1.0,1.0,1.7976931348623157e+308,0.0
58,2026.03.02 00:58,108.0,110.0,105.0,108.0,100.80357142857143,99.19642857142857,1.7976931348623157e+308,1.7976931348623157e+308,2.0,1.7976931348623157e+308,0.0,1.7976931348623157e+308,1.7976931348623157e+308,5.234352112295475,1.0,1.0,1.7976931348623157e+308,0.0
59,2026.03.02 00:59,108.0,110.0,105.0,108.0,100.80357142857143,99.19642857142857,1.7976931348623157e+308,1.7976931348623157e+308,2.0,1.7976931348623157e+308,0.0,1.7976931348623157e+308,1.7976931348623157e+308,5.217612675702941,1.0,1.0,1.7976931348623157e+308,0.0
60,2026.03.02 01:00,108.0,110.0,100.0,100.5,100.80357142857143,99.19642857142857,1.7976931348623157e+308,1.7976931348623157e+308,2.0,1.7976931348623157e+308,16.0,1.7976931348623157e+308,1.7976931348623157e+308,5.559211770295588,1.0,1.0,1.7976931348623157e+308,1.0
61,2026.03.02 01:01,108.0,110.0,100.1,100.6,100.80357142857143,99.19642857142857,1.7976931348623157e+308,1.7976931348623157e+308,2.0,1.7976931348623157e+308,0.0,1.7976931348623157e+308,1.7976931348623157e+308,5.8692680724173325,1.0,1.0,1.7976931348623157e+308,0.0
62,2026.03.02 01:02,108.0,110.0,100.1,101.0,100.80357142857143,99.19642857142857,1.7976931348623157e+308,1.7976931348623157e+308,2.0,1.7976931348623157e+308,0.0,1.7976931348623157e+308,1.7976931348623157e+308,6.157177495816095,1.0,1.0,1.7976931348623157e+308,0.0
63,2026.03.02 01:03,108.0,110.0,99.9,104.0,100.80357142857143,99.19642857142857,1.7976931348623157e+308,1.7976931348623157e+308,3.0,1.7976931348623157e+308,64.0,99.25611923253138,1.7976931348623157e+308,6.438807674686373,1.0,1.0,1.7976931348623157e+308,0.0
64,2026.03.02 01:04,108.0,110.0,100.1,104.0,100.80357142857143,99.19642857142857,1.7976931348623157e+308,1.7976931348623157e+308,3.0,1.7976931348623157e+308,0.0,1.7976931348623157e+308,1.7976931348623157e+308,6.686035697923061,1.0,1.0,1.7976931348623157e+308,0.0
65,2026.03.02 01:05,108.0,110.0,100.1,104.0,100.80357142857143,99.19642857142857,1.7976931348623157e+308,1.7976931348623157e+308,3.0,1.7976931348623157e+308,0.0,1.7976931348623157e+308,1.7976931348623157e+308,6.915604576642843,1.0,1.0,1.7976931348623157e+308,0.0
66,2026.03.02 01:06,108.0,110.0,105.0,108.0,100.80357142857143,99.19642857142857,1.7976931348623157e+308,1.7976931348623157e+308,3.0,1.7976931348623157e+308,0.0,1.7976931348623157e+308,1.7976931348623157e+308,6.850204249739782,1.0,1.0,1.7976931348623157e+308,0.0
67,2026.03.02 01:07,108.0,110.0,98.9,100.3,100.80357142857143,99.19642857142857,1.7976931348623157e+308,1.7976931348623157e+308,3.0,1.7976931348623157e+308,272.0,98.1846238910956,1.7976931348623157e+308,7.1537610890440835,1.0,1.0,1.7976931348623157e+308,1.0
68,2026.03.02 01:08,108.0,110.0,105.0,108.0,100.80357142857143,99.19642857142857,1.7976931348623157e+308,1.7976931348623157e+308,4.0,1.7976931348623157e+308,64.0,104.26643647030305,1.7976931348623157e+308,7.335635296969507,1.0,1.0,1.7976931348623157e+308,0.0
69,2026.03.02 01:09,108.0,110.0,105.0,108.0,100.80357142857143,99.19642857142857,1.7976931348623157e+308,1.7976931348623157e+308,4.0,1.7976931348623157e+308,0.0,1.7976931348623157e+308,1.7976931348623157e+308,7.168804204328828,1.0,1.0,1.7976931348623157e+308,0.0
70,2026.03.02 01:10,108.0,110.0,97.0,98.0,1.7976931348623157e+308,1.7976931348623157e+308,100.80357142857143,99.19642857142857,1.7976931348623157e+308,4.0,8.0,1.7976931348623157e+308,1.7976931348623157e+308,7.585318189733912,1.0,1.7976931348623157e+308,1.0,0.0
71,2026.03.02 01:11,108.0,110.0,97.0,98.0,1.7976931348623157e+308,1.7976931348623157e+308,100.80357142857143,99.19642857142857,1.7976931348623157e+308,4.0,544.0,1.7976931348623157e+308,110.79720811761815,7.97208117618149,1.0,1.7976931348623157e+308,1.0,2.0
72,2026.03.02 01:12,108.0,110.0,94.8,95.0,1.7976931348623157e+308,1.7976931348623157e+308,100.80357142857143,99.19642857142857,1.7976931348623157e+308,5.0,640.0,1.7976931348623157e+308,110.84883610921685,8.488361092168526,1.0,1.7976931348623157e+308,1.0,0.0
73,2026.03.02 01:13,108.0,110.0,94.0,95.0,1.7976931348623157e+308,1.7976931348623157e+308,100.80357142857143,99.19642857142857,1.7976931348623157e+308,5.0,512.0,1.7976931348623157e+308,110.90249067284422,9.024906728442202,1.0,1.7976931348623157e+308,1.0,0.0
74,2026.03.02 01:14,108.0,110.0,105.0,108.0,100.80357142857143,99.19642857142857,1.7976931348623157e+308,1.7976931348623157e+308,5.0,1.7976931348623157e+308,4.0,1.7976931348623157e+308,1.7976931348623157e+308,9.451699104982044,1.0,1.0,1.7976931348623157e+308,0.0
75,2026.03.02 01:15,108.0,110.0,105.0,108.0,100.80357142857143,99.19642857142857,1.7976931348623157e+308,1.7976931348623157e+308,5.0,1.7976931348623157e+308,0.0,1.7976931348623157e+308,1.7976931348623157e+308,9.133720597483327,1.0,1.0,1.7976931348623157e+308,0.0
76,2026.03.02 01:16,108.0,110.0,105.0,108.0,100.80357142857143,99.19642857142857,1.7976931348623157e+308,1.7976931348623157e+308,5.0,1.7976931348623157e+308,0.0,1.7976931348623157e+308,1.7976931348623157e+308,8.838454840520232,1.0,1.0,1.7976931348623157e+308,0.0
77,2026.03.02 01:17,108.0,110.0,105.0,108.0,100.80357142857143,99.19642857142857,1.7976931348623157e+308,1.7976931348623157e+308,5.0,1.7976931348623157e+308,0.0,1.7976931348623157e+308,1.7976931348623157e+308,8.564279494768787,1.0,1.0,1.7976931348623157e+308,0.0
78,2026.03.02 01:18,108.0,110.0,105.0,108.0,100.80357142857143,99.19642857142857,1.7976931348623157e+308,1.7976931348623157e+308,5.0,1.7976931348623157e+308,0.0,1.7976931348623157e+308,1.7976931348623157e+308,8.309688102285302,1.0,1.0,1.7976931348623157e+308,0.0
79,2026.03.02 01:19,108.0,110.0,100.0,100.4,100.80357142857143,99.19642857142857,1.7976931348623157e+308,1.7976931348623157e+308,5.0,1.7976931348623157e+308,16.0,1.7976931348623157e+308,1.7976931348623157e+308,8.430424666407779,1.0,1.0,1.7976931348623157e+308,1.0
80,2026.03.02 01:20,108.0,110.0,105.0,108.0,100.80357142857143,99.19642857142857,1.7976931348623157e+308,1.7976931348623157e+308,6.0,1.7976931348623157e+308,64.0,104.14860342383356,1.7976931348623157e+308,8.513965761664366,1.0,1.0,1.7976931348623157e+308,0.0
81,2026.03.02 01:21,108.0,110.0,105.0,108.0,100.80357142857143,99.19642857142857,1.7976931348623157e+308,1.7976931348623157e+308,6.0,1.7976931348623157e+308,0.0,1.7976931348623157e+308,1.7976931348623157e+308,8.26296820725977,1.0,1.0,1.7976931348623157e+308,0.0
82,2026.03.02 01:22,108.0,110.0,97.0,98.0,1.7976931348623157e+308,1.7976931348623157e+308,100.80357142857143,99.19642857142857,1.7976931348623157e+308,6.0,8.0,1.7976931348623157e+308,1.7976931348623157e+308,8.601327621026929,1.0,1.7976931348623157e+308,0.0,0.0
83,2026.03.02 01:23,108.0,110.0,105.0,108.0,100.80357142857143,99.19642857142857,1.7976931348623157e+308,1.7976931348623157e+308,6.0,1.7976931348623157e+308,256.0,1.7976931348623157e+308,1.7976931348623157e+308,8.84408993381072,1.0,0.0,1.7976931348623157e+308,0.0
84,2026.03.02 01:24,108.0,110.0,97.0,98.0,1.7976931348623157e+308,1.7976931348623157e+308,100.80357142857143,99.19642857142857,1.7976931348623157e+308,6.0,8.0,1.7976931348623157e+308,1.7976931348623157e+308,9.14094065282424,1.0,1.7976931348623157e+308,0.0,0.0
85,2026.03.02 01:25,108.0,110.0,105.0,108.0,100.80357142857143,99.19642857142857,1.7976931348623157e+308,1.7976931348623157e+308,6.0,1.7976931348623157e+308,256.0,1.7976931348623157e+308,1.7976931348623157e+308,9.345159177622508,1.0,0.0,1.7976931348623157e+308,0.0
86,2026.03.02 01:26,108.0,110.0,98.9,100.3,100.80357142857143,99.19642857142857,1.7976931348623157e+308,1.7976931348623157e+308,6.0,1.7976931348623157e+308,272.0,1.7976931348623157e+308,1.7976931348623157e+308,9.470504950649472,1.0,0.0,1.7976931348623157e+308,0.0
87,2026.03.02 01:27,108.0,110.0,105.0,108.0,100.80357142857143,99.19642857142857,1.7976931348623157e+308,1.7976931348623157e+308,7.0,1.7976931348623157e+308,64.0,1.7976931348623157e+308,1.7976931348623157e+308,9.48689745417451,1.0,0.0,1.7976931348623157e+308,0.0
88,2026.03.02 01:28,108.0,110.0,105.0,108.0,100.80357142857143,99.19642857142857,1.7976931348623157e+308,1.7976931348623157e+308,7.0,1.7976931348623157e+308,0.0,1.7976931348623157e+308,1.7976931348623157e+308,9.16640477887633,1.0,0.0,1.7976931348623157e+308,0.0
89,2026.03.02 01:29,108.0,110.0,105.0,108.0,100.80357142857143,99.19642857142857,1.7976931348623157e+308,1.7976931348623157e+308,7.0,1.7976931348623157e+308,0.0,1.7976931348623157e+308,1.7976931348623157e+308,8.868804437528022,1.0,0.0,1.7976931348623157e+308,0.0
90,2026.03.02 01:30,108.0,110.0,105.0,108.0,100.80357142857143,99.19642857142857,1.7976931348623157e+308,1.7976931348623157e+308,7.0,1.7976931348623157e+308,0.0,1.7976931348623157e+308,1.7976931348623157e+308,8.592461263418878,1.0,0.0,1.7976931348623157e+308,0.0
91,2026.03.02 01:31,108.0,110.0,105.0,108.0,100.80357142857143,99.19642857142857,1.7976931348623157e+308,1.7976931348623157e+308,7.0,1.7976931348623157e+308,0.0,1.7976931348623157e+308,1.7976931348623157e+308,8.335856887460386,1.0,0.0,1.7976931348623157e+308,0.0
92,2026.03.02 01:32,108.0,110.0,105.0,108.0,100.80357142857143,99.19642857142857,1.7976931348623157e+308,1.7976931348623157e+308,7.0,1.7976931348623157e+308,0.0,1.7976931348623157e+308,1.7976931348623157e+308,8.09758139549893,1.0,0.0,1.7976931348623157e+308,0.0
93,2026.03.02 01:33,108.0,110.0,105.0,108.0,100.80357142857143,99.19642857142857,1.7976931348623157e+308,1.7976931348623157e+308,7.0,1.7976931348623157e+308,0.0,1.7976931348623157e+308,1.7976931348623157e+308,7.87632558153472,1.0,0.0,1.7976931348623157e+308,0.0
94,2026.03.02 01:34,108.0,110.0,105.0,108.0,100.80357142857143,99.19642857142857,1.7976931348623157e+308,1.7976931348623157e+308,7.0,1.7976931348623157e+308,0.0,1.7976931348623157e+308,1.7976931348623157e+308,7.6708737542822405,1.0,0.0,1.7976931348623157e+308,0.0
95,2026.03.02 01:35,108.0,110.0,105.0,108.0,100.80357142857143,99.19642857142857,1.7976931348623157e+308,1.7976931348623157e+308,7.0,1.7976931348623157e+308,0.0,1.7976931348623157e+308,1.7976931348623157e+308,7.480097057547795,1.0,0.0,1.7976931348623157e+308,0.0
96,2026.03.02 01:36,108.0,110.0,105.0,108.0,100.80357142857143,99.19642857142857,1.7976931348623157e+308,1.7976931348623157e+308,7.0,1.7976931348623157e+308,0.0,1.7976931348623157e+308,1.7976931348623157e+308,7.302947267722952,1.0,0.0,1.7976931348623157e+308,0.0
97,2026.03.02 01:37,108.0,110.0,105.0,108.0,100.80357142857143,99.19642857142857,1.7976931348623157e+308,1.7976931348623157e+308,7.0,1.7976931348623157e+308,0.0,1.7976931348623157e+308,1.7976931348623157e+308,7.13845103431417,1.0,0.0,1.7976931348623157e+308,0.0
98,2026.03.02 01:38,108.0,110.0,105.0,108.0,100.80357142857143,99.19642857142857,1.7976931348623157e+308,1.7976931348623157e+308,7.0,1.7976931348623157e+308,0.0,1.7976931348623157e+308,1.7976931348623157e+308,6.985704531863158,1.0,0.0,1.7976931348623157e+308,0.0
99,2026.03.02 01:39,108.0,110.0,105.0,108.0,100.80357142857143,99.19642857142857,1.7976931348623157e+308,1.7976931348623157e+308,7.0,1.7976931348623157e+308,0.0,1.7976931348623157e+308,1.7976931348623157e+308,6.843868493872932,1.0,0.0,1.7976931348623157e+308,0.0
100,2026.03.02 01:40,108.0,110.0,105.0,108.0,100.80357142857143,99.19642857142857,1.7976931348623157e+308,1.7976931348623157e+308,7.0,1.7976931348623157e+308,0.0,1.7976931348623157e+308,1.7976931348623157e+308,6.712163601453438,1.0,0.0,1.7976931348623157e+308,0.0
101,2026.03.02 01:41,108.0,110.0,105.0,108.0,100.80357142857143,99.19642857142857,1.7976931348623157e+308,1.7976931348623157e+308,7.0,1.7976931348623157e+308,0.0,1.7976931348623157e+308,1.7976931348623157e+308,6.589866201349621,1.0,0.0,1.7976931348623157e+308,0.0
102,2026.03.02 01:42,108.0,110.0,105.0,108.0,100.80357142857143,99.19642857142857,1.7976931348623157e+308,1.7976931348623157e+308,7.0,1.7976931348623157e+308,0.0,1.7976931348623157e+308,1.7976931348623157e+308,6.476304329824648,1.0,1.0,1.7976931348623157e+308,0.0
103,2026.03.02 01:43,108.0,110.0,105.0,108.0,100.80357142857143,99.19642857142857,1.7976931348623157e+308,1.7976931348623157e+308,7.0,1.7976931348623157e+308,0.0,1.7976931348623157e+308,1.7976931348623157e+308,6.37085402055146,1.0,1.0,1.7976931348623157e+308,0.0
104,2026.03.02 01:44,108.0,110.0,105.0,108.0,100.80357142857143,99.19642857142857,1.7976931348623157e+308,1.7976931348623157e+308,7.0,1.7976931348623157e+308,0.0,1.7976931348623157e+308,1.7976931348623157e+308,6.272935876226356,1.0,1.0,1.7976931348623157e+308,0.0
105,2026.03.02 01:45,108.0,110.0,105.0,108.0,100.80357142857143,99.19642857142857,1.7976931348623157e+308,1.7976931348623157e+308,7.0,1.7976931348623157e+308,0.0,1.7976931348623157e+308,1.7976931348623157e+308,6.182011885067331,1.0,1.0,1.7976931348623157e+308,0.0
106,2026.03.02 01:46,108.0,110.0,105.0,108.0,100.80357142857143,99.19642857142857,1.7976931348623157e+308,1.7976931348623157e+308,7.0,1.7976931348623157e+308,0.0,1.7976931348623157e+308,1.7976931348623157e+308,6.097582464705378,1.0,1.0,1.7976931348623157e+308,0.0
107,2026.03.02 01:47,108.0,110.0,105.0,108.0,100.80357142857143,99.19642857142857,1.7976931348623157e+308,1.7976931348623157e+308,7.0,1.7976931348623157e+308,0.0,1.7976931348623157e+308,1.7976931348623157e+308,6.019183717226423,1.0,1.0,1.7976931348623157e+308,0.0
108,2026.03.02 01:48,108.0,110.0,105.0,108.0,100.80357142857143,99.19642857142857,1.7976931348623157e+308,1.7976931348623157e+308,7.0,1.7976931348623157e+308,0.0,1.7976931348623157e+308,1.7976931348623157e+308,5.946384880281679,1.0,1.0,1.7976931348623157e+308,0.0
109,2026.03.02 01:49,108.0,110.0,105.0,108.0,100.80357142857143,99.19642857142857,1.7976931348623157e+308,1.7976931348623157e+308,7.0,1.7976931348623157e+308,0.0,1.7976931348623157e+308,1.7976931348623157e+308,5.878785960261559,1.0,1.0,1.7976931348623157e+308,0.0
110,2026.03.02 01:50,108.0,110.0,105.0,108.0,100.80357142857143,99.19642857142857,1.7976931348623157e+308,1.7976931348623157e+308,7.0,1.7976931348623157e+308,0.0,1.7976931348623157e+308,1.7976931348623157e+308,5.81601553452859,1.0,1.0,1.7976931348623157e+308,0.0
111,2026.03.02 01:51,108.0,110.0,105.0,108.0,100.80357142857143,99.19642857142857,1.7976931348623157e+308,1.7976931348623157e+308,7.0,1.7976931348623157e+308,0.0,1.7976931348623157e+308,1.7976931348623157e+308,5.757728710633692,1.0,1.0,1.7976931348623157e+308,0.0
112,2026.03.02 01:52,108.0,110.0,105.0,108.0,100.80357142857143,99.19642857142857,1.7976931348623157e+308,1.7976931348623157e+308,7.0,1.7976931348623157e+308,0.0,1.7976931348623157e+308,1.7976931348623157e+308,5.703605231302714,1.0,1.0,1.7976931348623157e+308,0.0
113,2026.03.02 01:53,108.0,110.0,105.0,108.0,100.80357142857143,99.19642857142857,1.7976931348623157e+308,1.7976931348623157e+308,7.0,1.7976931348623157e+308,0.0,1.7976931348623157e+308,1.7976931348623157e+308,5.653347714781092,1.0,1.0,1.7976931348623157e+308,0.0
114,2026.03.02 01:54,108.0,110.0,105.0,108.0,100.80357142857143,99.19642857142857,1.7976931348623157e+308,1.7976931348623157e+308,7.0,1.7976931348623157e+308,0.0,1.7976931348623157e+308,1.7976931348623157e+308,5.606680020868157,1.0,1.0,1.7976931348623157e+308,0.0
115,2026.03.02 01:55,108.0,110.0,105.0,108.0,100.80357142857143,99.19642857142857,1.7976931348623157e+308,1.7976931348623157e+308,7.0,1.7976931348623157e+308,0.0,1.7976931348623157e+308,1.7976931348623157e+308,5.563345733663288,1.0,1.0,1.7976931348623157e+308,0.0
116,2026.03.02 01:56,108.0,110.0,105.0,108.0,100.80357142857143,99.19642857142857,1.7976931348623157e+308,1.7976931348623157e+308,7.0,1.7976931348623157e+308,0.0,1.7976931348623157e+308,1.7976931348623157e+308,5.523106752687339,1.0,1.0,1.7976931348623157e+308,0.0
117,2026.03.02 01:57,108.0,110.0,105.0,108.0,100.80357142857143,99.19642857142857,1.7976931348623157e+308,1.7976931348623157e+308,7.0,1.7976931348623157e+308,0.0,1.7976931348623157e+308,1.7976931348623157e+308,5.485741984638244,1.0,1.0,1.7976931348623157e+308,0.0
118,2026.03.02 01:58,108.0,110.0,105.0,108.0,100.80357142857143,99.19642857142857,1.7976931348623157e+308,1.7976931348623157e+308,7.0,1.7976931348623157e+308,0.0,1.7976931348623157e+308,1.7976931348623157e+308,5.4510461285926555,1.0,1.0,1.7976931348623157e+308,0.0
119,2026.03.02 01:59,108.0,110.0,105.0,108.0,100.80357142857143,99.19642857142857,1.7976931348623157e+308,1.7976931348623157e+308,7.0,1.7976931348623157e+308,0.0,1.7976931348623157e+308,1.7976931348623157e+308,5.418828547978895,1.0,1.0,1.7976931348623157e+308,0.0
120,2026.03.02 02:00,108.0,110.0,105.0,108.0,100.80357142857143,99.19642857142857,1.7976931348623157e+308,1.7976931348623157e+308,7.0,1.7976931348623157e+308,0.0,1.7976931348623157e+308,1.7976931348623157e+308,5.388912223123259,1.0,1.0,1.7976931348623157e+308,0.0
121,2026.03.02 02:01,108.0,110.0,105.0,108.0,100.80357142857143,99.19642857142857,1.7976931348623157e+308,1.7976931348623157e+308,7.0,1.7976931348623157e+308,0.0,1.7976931348623157e+308,1.7976931348623157e+308,5.361132778614454,1.0,1.0,1.7976931348623157e+308,0.0
122,2026.03.02 02:02,108.0,110.0,105.0,108.0,100.80357142857143,99.19642857142857,1.7976931348623157e+308,1.7976931348623157e+308,7.0,1.7976931348623157e+308,0.0,1.7976931348623157e+308,1.7976931348623157e+308,5.335337580141994,1.0,1.0,1.7976931348623157e+308,0.0
123,2026.03.02 02:03,108.0,110.0,105.0,108.0,100.80357142857143,99.19642857142857,1.7976931348623157e+308,1.7976931348623157e+308,7.0,1.7976931348623157e+308,0.0,1.7976931348623157e+308,1.7976931348623157e+308,5.311384895846137,1.0,1.0,1.7976931348623157e+308,0.0
124,2026.03.02 02:04,108.0,110.0,105.0,108.0,100.80357142857143,99.19642857142857,1.7976931348623157e+308,1.7976931348623157e+308,7.0,1.7976931348623157e+308,0.0,1.7976931348623157e+308,1.7976931348623157e+308,5.289143117571413,1.0,1.0,1.7976931348623157e+308,0.0
125,2026.03.02 02:05,108.0,110.0,105.0,108.0,100.80357142857143,99.19642857142857,1.7976931348623157e+308,1.7976931348623157e+308,7.0,1.7976931348623157e+308,0.0,1.7976931348623157e+308,1.7976931348623157e+308,5.268490037744884,1.0,1.0,1.7976931348623157e+308,0.0
126,2026.03.02 02:06,108.0,110.0,105.0,108.0,100.80357142857143,99.19642857142857,1.7976931348623157e+308,1.7976931348623157e+308,7.0,1.7976931348623157e+308,0.0,1.7976931348623157e+308,1.7976931348623157e+308,5.2493121779059635,1.0,1.0,1.7976931348623157e+308,0.0
127,2026.03.02 02:07,108.0,110.0,105.0,108.0,100.80357142857143,99.19642857142857,1.7976931348623157e+308,1.7976931348623157e+308,7.0,1.7976931348623157e+308,0.0,1.7976931348623157e+308,1.7976931348623157e+308,5.231504165198395,1.0,1.0,1.7976931348623157e+308,0.0
128,2026.03.02 02:08,108.0,110.0,105.0,108.0,100.80357142857143,99.19642857142857,1.7976931348623157e+308,1.7976931348623157e+308,7.0,1.7976931348623157e+308,0.0,1.7976931348623157e+308,1.7976931348623157e+308,5.21496815339851,1.0,1.0,1.7976931348623157e+308,0.0
129,2026.03.02 02:09,108.0,110.0,105.0,108.0,100.80357142857143,99.19642857142857,1.7976931348623157e+308,1.7976931348623157e+308,7.0,1.7976931348623157e+308,0.0,1.7976931348623157e+308,1.7976931348623157e+308,5.199613285298616,1.0,1.0,1.7976931348623157e+308,0.0
130,2026.03.02 02:10,108.0,110.0,105.0,108.0,100.80357142857143,99.19642857142857,1.7976931348623157e+308,1.7976931348623157e+308,7.0,1.7976931348623157e+308,0.0,1.7976931348623157e+308,1.7976931348623157e+308,5.1853551934915725,1.0,1.0,1.7976931348623157e+308,0.0
131,2026.03.02 02:11,108.0,110.0,105.0,108.0,100.80357142857143,99.19642857142857,1.7976931348623157e+308,1.7976931348623157e+308,7.0,1.7976931348623157e+308,0.0,1.7976931348623157e+308,1.7976931348623157e+308,5.172115536813602,1.0,1.0,1.7976931348623157e+308,0.0
132,2026.03.02 02:12,108.0,110.0,105.0,108.0,100.80357142857143,99.19642857142857,1.7976931348623157e+308,1.7976931348623157e+308,7.0,1.7976931348623157e+308,0.0,1.7976931348623157e+308,1.7976931348623157e+308,5.159821569898345,1.0,1.0,1.7976931348623157e+308,0.0
133,2026.03.02 02:13,108.0,110.0,105.0,108.0,100.80357142857143,99.19642857142857,1.7976931348623157e+308,1.7976931348623157e+308,7.0,1.7976931348623157e+308,0.0,1.7976931348623157e+308,1.7976931348623157e+308,5.148405743477035,1.0,1.0,1.7976931348623157e+308,0.0
134,2026.03.02 02:14,108.0,110.0,105.0,108.0,100.80357142857143,99.19642857142857,1.7976931348623157e+308,1.7976931348623157e+308,7.0,1.7976931348623157e+308,0.0,1.7976931348623157e+308,1.7976931348623157e+308,5.137805333228676,1.0,1.0,1.7976931348623157e+308,0.0
135,2026.03.02 02:15,108.0,110.0,105.0,108.0,100.80357142857143,99.19642857142857,1.7976931348623157e+308,1.7976931348623157e+308,7.0,1.7976931348623157e+308,0.0,1.7976931348623157e+308,1.7976931348623157e+308,5.127962095140914,1.0,1.0,1.7976931348623157e+308,0.0
136,2026.03.02 02:16,108.0,110.0,105.0,108.0,100.80357142857143,99.19642857142857,1.7976931348623157e+308,1.7976931348623157e+308,7.0,1.7976931348623157e+308,0.0,1.7976931348623157e+308,1.7976931348623157e+308,5.1188219454879915,1.0,1.0,1.7976931348623157e+308,0.0
137,2026.03.02 02:17,108.0,110.0,105.0,108.0,100.80357142857143,99.19642857142857,1.7976931348623157e+308,1.7976931348623157e+308,7.0,1.7976931348623157e+308,0.0,1.7976931348623157e+308,1.7976931348623157e+308,5.110334663667421,1.0,1.0,1.7976931348623157e+308,0.0
138,2026.03.02 02:18,108.0,110.0,105.0,108.0,100.80357142857143,99.19642857142857,1.7976931348623157e+308,1.7976931348623157e+308,7.0,1.7976931348623157e+308,0.0,1.7976931348623157e+308,1.7976931348623157e+308,5.102453616262606,1.0,1.0,1.7976931348623157e+308,0.0
139,2026.03.02 02:19,108.0,110.0,105.0,108.0,100.80357142857143,99.19642857142857,1.7976931348623157e+308,1.7976931348623157e+308,7.0,1.7976931348623157e+308,0.0,1.7976931348623157e+308,1.7976931348623157e+308,5.095135500815276,1.0,1.0,1.7976931348623157e+308,0.0
140,2026.03.02 02:20,108.0,110.0,105.0,108.0,100.80357142857143,99.19642857142857,1.7976931348623157e+308,1.7976931348623157e+308,7.0,1.7976931348623157e+308,0.0,1.7976931348623157e+308,1.7976931348623157e+308,5.0883401078999,1.0,1.0,1.7976931348623157e+308,0.0
141,2026.03.02 02:21,108.0,110.0,105.0,108.0,100.80357142857143,99.19642857142857,1.7976931348623157e+308,1.7976931348623157e+308,7.0,1.7976931348623157e+308,0.0,1.7976931348623157e+308,1.7976931348623157e+308,5.082030100192765,1.0,1.0,1.7976931348623157e+308,0.0
142,2026.03.02 02:22,108.0,110.0,105.0,108.0,100.80357142857143,99.19642857142857,1.7976931348623157e+308,1.7976931348623157e+308,7.0,1.7976931348623157e+308,0.0,1.7976931348623157e+308,1.7976931348623157e+308,5.076170807321853,1.0,1.0,1.7976931348623157e+308,0.0
143,2026.03.02 02:23,108.0,110.0,105.0,108.0,100.80357142857143,99.19642857142857,1.7976931348623157e+308,1.7976931348623157e+308,7.0,1.7976931348623157e+308,0.0,1.7976931348623157e+308,1.7976931348623157e+308,5.070730035370292,1.0,1.0,1.7976931348623157e+308,0.0
144,2026.03.02 02:24,108.0,110.0,105.0,108.0,100.80357142857143,99.19642857142857,1.7976931348623157e+308,1.7976931348623157e+308,7.0,1.7976931348623157e+308,0.0,1.7976931348623157e+308,1.7976931348623157e+308,5.065677889986699,1.0,1.0,1.7976931348623157e+308,0.0
145,2026.03.02 02:25,108.0,110.0,105.0,108.0,100.80357142857143,99.19642857142857,1.7976931348623157e+308,1.7976931348623157e+308,7.0,1.7976931348623157e+308,0.0,1.7976931348623157e+308,1.7976931348623157e+308,5.060986612130507,1.0,1.0,1.7976931348623157e+308,0.0
146,2026.03.02 02:26,108.0,110.0,105.0,108.0,100.80357142857143,99.19642857142857,1.7976931348623157e+308,1.7976931348623157e+308,7.0,1.7976931348623157e+308,0.0,1.7976931348623157e+308,1.7976931348623157e+308,5.0566304255497565,1.0,1.0,1.7976931348623157e+308,0.0
147,2026.03.02 02:27,108.0,110.0,105.0,108.0,100.80357142857143,99.19642857142857,1.7976931348623157e+308,1.7976931348623157e+308,7.0,1.7976931348623157e+308,0.0,1.7976931348623157e+308,1.7976931348623157e+308,5.052585395153345,1.0,1.0,1.7976931348623157e+308,0.0
148,2026.03.02 02:28,108.0,110.0,105.0,108.0,100.80357142857143,99.19642857142857,1.7976931348623157e+308,1.7976931348623157e+308,7.0,1.7976931348623157e+308,0.0,1.7976931348623157e+308,1.7976931348623157e+308,5.0488292954995355,1.0,1.0,1.7976931348623157e+308,0.0
149,2026.03.02 02:29,108.0,110.0,105.0,108.0,100.80357142857143,99.19642857142857,1.7976931348623157e+308,1.7976931348623157e+308,7.0,1.7976931348623157e+308,0.0,1.7976931348623157e+308,1.7976931348623157e+308,5.04534148867814,1.0,1.0,1.7976931348623157e+308,0.0
150,2026.03.02 02:30,108.0,110.0,105.0,108.0,100.80357142857143,99.19642857142857,1.7976931348623157e+308,1.7976931348623157e+308,7.0,1.7976931348623157e+308,0.0,1.7976931348623157e+308,1.7976931348623157e+308,5.042102810915416,1.0,1.0,1.7976931348623157e+308,0.0
151,2026.03.02 02:31,108.0,110.0,105.0,108.0,100.80357142857143,99.19642857142857,1.7976931348623157e+308,1.7976931348623157e+308,7.0,1.7976931348623157e+308,0.0,1.7976931348623157e+308,1.7976931348623157e+308,5.0390954672786,1.0,1.0,1.7976931348623157e+308,0.0
152,2026.03.02 02:32,108.0,110.0,105.0,108.0,100.80357142857143,99.19642857142857,1.7976931348623157e+308,1.7976931348623157e+308,7.0,1.7976931348623157e+308,0.0,1.7976931348623157e+308,1.7976931348623157e+308,5.036302933901558,1.0,1.0,1.7976931348623157e+308,0.0
153,2026.03.02 02:33,108.0,110.0,105.0,108.0,100.80357142857143,99.19642857142857,1.7976931348623157e+308,1.7976931348623157e+308,7.0,1.7976931348623157e+308,0.0,1.7976931348623157e+308,1.7976931348623157e+308,5.033709867194304,1.0,1.0,1.7976931348623157e+308,0.0
154,2026.03.02 02:34,108.0,110.0,105.0,108.0,100.80357142857143,99.19642857142857,1.7976931348623157e+308,1.7976931348623157e+308,7.0,1.7976931348623157e+308,0.0,1.7976931348623157e+308,1.7976931348623157e+308,5.031302019537568,1.0,1.0,1.7976931348623157e+308,0.0
155,2026.03.02 02:35,108.0,110.0,105.0,108.0,100.80357142857143,99.19642857142857,1.7976931348623157e+308,1.7976931348623157e+308,7.0,1.7976931348623157e+308,0.0,1.7976931348623157e+308,1.7976931348623157e+308,5.029066160999171,1.0,1.0,1.7976931348623157e+308,0.0
156,2026.03.02 02:36,108.0,110.0,105.0,108.0,100.80357142857143,99.19642857142857,1.7976931348623157e+308,1.7976931348623157e+308,7.0,1.7976931348623157e+308,0.0,1.7976931348623157e+308,1.7976931348623157e+308,5.026990006642087,1.0,1.0,1.7976931348623157e+308,0.0
157,2026.03.02 02:37,108.0,110.0,105.0,108.0,100.80357142857143,99.19642857142857,1.7976931348623157e+308,1.7976931348623157e+308,7.0,1.7976931348623157e+308,0.0,1.7976931348623157e+308,1.7976931348623157e+308,5.025062149024795,1.0,1.0,1.7976931348623157e+308,0.0
158,2026.03.02 02:38,108.0,110.0,105.0,108.0,100.80357142857143,99.19642857142857,1.7976931348623157e+308,1.7976931348623157e+308,7.0,1.7976931348623157e+308,0.0,1.7976931348623157e+308,1.7976931348623157e+308,5.023271995523024,1.0,1.0,1.7976931348623157e+308,0.0
159,2026.03.02 02:39,108.0,110.0,105.0,108.0,100.80357142857143,99.19642857142857,1.7976931348623157e+308,1.7976931348623157e+308,7.0,1.7976931348623157e+308,0.0,1.7976931348623157e+308,1.7976931348623157e+308,5.023271995523024,1.0,1.0,1.7976931348623157e+308,0.0
