bar_index,bar_open,known_from,open,high,low,close,internal_bias,swing_bias,internal_event,swing_event,region_mask,swing_high,swing_low,bull_ob_upper,bull_ob_lower,bear_ob_upper,bear_ob_lower,bull_fvg_upper,bull_fvg_lower,bear_fvg_upper,bear_fvg_lower,ob_count,fvg_count
41,2026.01.05 00:41,2026.01.05 00:42,103.648473,103.736473,103.200429,103.300429,0.0,0.0,0.0,0.0,4.0,1.7976931348623157e+308,1.7976931348623157e+308,1.7976931348623157e+308,1.7976931348623157e+308,1.7976931348623157e+308,1.7976931348623157e+308,103.200429,100.821592,1.7976931348623157e+308,1.7976931348623157e+308,0.0,1.0
42,2026.01.05 00:42,2026.01.05 00:43,103.300429,103.370429,102.857808,102.961808,0.0,0.0,0.0,0.0,64.0,1.7976931348623157e+308,1.7976931348623157e+308,1.7976931348623157e+308,1.7976931348623157e+308,1.7976931348623157e+308,1.7976931348623157e+308,103.200429,100.821592,1.7976931348623157e+308,1.7976931348623157e+308,0.0,1.0
67,2026.01.05 01:07,2026.01.05 01:08,107.245742,107.858551,107.149742,107.776551,0.0,0.0,0.0,0.0,4.0,1.7976931348623157e+308,99.916,1.7976931348623157e+308,1.7976931348623157e+308,1.7976931348623157e+308,1.7976931348623157e+308,107.149742,106.787727,1.7976931348623157e+308,1.7976931348623157e+308,0.0,2.0
80,2026.01.05 01:20,2026.01.05 01:21,109.012161,109.091161,103.507852,103.619852,0.0,0.0,0.0,0.0,1024.0,1.7976931348623157e+308,99.916,1.7976931348623157e+308,1.7976931348623157e+308,1.7976931348623157e+308,1.7976931348623157e+308,103.200429,100.821592,1.7976931348623157e+308,1.7976931348623157e+308,0.0,1.0
81,2026.01.05 01:21,2026.01.05 01:22,103.619852,103.862663,103.539852,103.780663,0.0,0.0,0.0,0.0,8.0,1.7976931348623157e+308,99.916,1.7976931348623157e+308,1.7976931348623157e+308,1.7976931348623157e+308,1.7976931348623157e+308,103.200429,100.821592,108.86184,103.862663,0.0,2.0
82,2026.01.05 01:22,2026.01.05 01:23,103.780663,104.056357,103.696663,103.971357,0.0,0.0,0.0,0.0,2048.0,1.7976931348623157e+308,99.916,1.7976931348623157e+308,1.7976931348623157e+308,1.7976931348623157e+308,1.7976931348623157e+308,103.200429,100.821592,1.7976931348623157e+308,1.7976931348623157e+308,0.0,1.0
90,2026.01.05 01:30,2026.01.05 01:31,103.744749,103.832749,103.268976,103.348976,-1.0,0.0,-1.0,0.0,2.0,1.7976931348623157e+308,99.916,1.7976931348623157e+308,1.7976931348623157e+308,104.47973,104.299096,103.200429,100.821592,1.7976931348623157e+308,1.7976931348623157e+308,1.0,1.0
105,2026.01.05 01:45,2026.01.05 01:46,101.157429,101.227429,100.858974,100.962974,-1.0,0.0,-1.0,0.0,2.0,1.7976931348623157e+308,99.916,1.7976931348623157e+308,1.7976931348623157e+308,101.422639,101.18754,103.200429,100.821592,1.7976931348623157e+308,1.7976931348623157e+308,2.0,1.0
106,2026.01.05 01:46,2026.01.05 01:47,100.962974,101.035974,100.608443,100.716443,-1.0,0.0,0.0,0.0,1024.0,1.7976931348623157e+308,99.916,1.7976931348623157e+308,1.7976931348623157e+308,101.422639,101.18754,1.7976931348623157e+308,1.7976931348623157e+308,1.7976931348623157e+308,1.7976931348623157e+308,2.0,0.0
110,2026.01.05 01:50,2026.01.05 01:51,99.961033,100.046033,99.729814,99.817814,-1.0,-1.0,0.0,-1.0,2.0,1.7976931348623157e+308,99.916,1.7976931348623157e+308,1.7976931348623157e+308,101.422639,101.18754,1.7976931348623157e+308,1.7976931348623157e+308,1.7976931348623157e+308,1.7976931348623157e+308,3.0,0.0
116,2026.01.05 01:56,2026.01.05 01:57,100.717759,101.226052,100.605759,101.144052,-1.0,-1.0,0.0,0.0,32.0,1.7976931348623157e+308,99.916,1.7976931348623157e+308,1.7976931348623157e+308,101.422639,101.18754,1.7976931348623157e+308,1.7976931348623157e+308,1.7976931348623157e+308,1.7976931348623157e+308,3.0,0.0
117,2026.01.05 01:57,2026.01.05 01:58,101.144052,101.667674,101.064052,101.582674,-1.0,-1.0,0.0,0.0,512.0,1.7976931348623157e+308,99.916,1.7976931348623157e+308,1.7976931348623157e+308,104.47973,104.299096,1.7976931348623157e+308,1.7976931348623157e+308,1.7976931348623157e+308,1.7976931348623157e+308,2.0,0.0
120,2026.01.05 02:00,2026.01.05 02:01,102.362117,104.727195,102.270117,104.654195,-1.0,-1.0,0.0,0.0,512.0,1.7976931348623157e+308,99.916,1.7976931348623157e+308,1.7976931348623157e+308,109.409159,109.17856,1.7976931348623157e+308,1.7976931348623157e+308,1.7976931348623157e+308,1.7976931348623157e+308,1.0,0.0
121,2026.01.05 02:01,2026.01.05 02:02,104.654195,104.94358,104.558195,104.86758,-1.0,-1.0,0.0,0.0,4.0,1.7976931348623157e+308,99.916,1.7976931348623157e+308,1.7976931348623157e+308,109.409159,109.17856,104.558195,102.432117,1.7976931348623157e+308,1.7976931348623157e+308,1.0,1.0
137,2026.01.05 02:17,2026.01.05 02:18,108.995899,109.236283,108.907899,109.154283,-1.0,-1.0,0.0,0.0,32.0,109.409159,99.916,1.7976931348623157e+308,1.7976931348623157e+308,109.409159,109.17856,104.558195,102.432117,1.7976931348623157e+308,1.7976931348623157e+308,1.0,1.0
155,2026.01.05 02:35,2026.01.05 02:36,108.316662,108.389662,107.885664,107.973664,-1.0,-1.0,-1.0,0.0,2.0,109.409159,99.916,1.7976931348623157e+308,1.7976931348623157e+308,108.845351,108.601092,104.558195,102.432117,1.7976931348623157e+308,1.7976931348623157e+308,2.0,1.0
160,2026.01.05 02:40,2026.01.05 02:41,106.225429,109.457323,106.117429,109.369323,1.0,-1.0,2.0,0.0,769.0,109.409159,99.916,1.7976931348623157e+308,1.7976931348623157e+308,1.7976931348623157e+308,1.7976931348623157e+308,104.558195,102.432117,1.7976931348623157e+308,1.7976931348623157e+308,0.0,1.0
161,2026.01.05 02:41,2026.01.05 02:42,109.369323,109.439323,108.991748,109.103748,1.0,-1.0,0.0,0.0,4.0,109.409159,99.916,1.7976931348623157e+308,1.7976931348623157e+308,1.7976931348623157e+308,1.7976931348623157e+308,108.991748,106.733318,1.7976931348623157e+308,1.7976931348623157e+308,0.0,2.0
162,2026.01.05 02:42,2026.01.05 02:43,109.103748,109.176748,108.860531,108.940531,1.0,-1.0,0.0,0.0,64.0,109.409159,99.680503,1.7976931348623157e+308,1.7976931348623157e+308,1.7976931348623157e+308,1.7976931348623157e+308,108.991748,106.733318,1.7976931348623157e+308,1.7976931348623157e+308,0.0,2.0
174,2026.01.05 02:54,2026.01.05 02:55,108.835952,108.923952,108.562166,108.654166,-1.0,-1.0,-2.0,0.0,2.0,109.409159,99.680503,1.7976931348623157e+308,1.7976931348623157e+308,109.404465,109.17575,108.991748,106.733318,1.7976931348623157e+308,1.7976931348623157e+308,1.0,2.0
180,2026.01.05 03:00,2026.01.05 03:01,108.862977,109.306263,108.782977,109.221263,-1.0,-1.0,0.0,0.0,32.0,109.409159,99.680503,1.7976931348623157e+308,1.7976931348623157e+308,109.404465,109.17575,108.991748,106.733318,1.7976931348623157e+308,1.7976931348623157e+308,1.0,2.0
181,2026.01.05 03:01,2026.01.05 03:02,109.221263,109.657861,109.137263,109.569861,1.0,1.0,2.0,2.0,513.0,109.409159,99.680503,108.544367,108.337205,1.7976931348623157e+308,1.7976931348623157e+308,108.991748,106.733318,1.7976931348623157e+308,1.7976931348623157e+308,2.0,2.0
200,2026.01.05 03:20,2026.01.05 03:21,113.14385,113.22585,107.853628,107.941628,-1.0,1.0,-2.0,0.0,770.0,109.409159,99.680503,99.921292,99.680503,1.7976931348623157e+308,1.7976931348623157e+308,108.991748,106.733318,1.7976931348623157e+308,1.7976931348623157e+308,1.0,2.0
201,2026.01.05 03:21,2026.01.05 03:22,107.941628,108.248189,107.849628,108.163189,-1.0,1.0,0.0,0.0,8.0,109.409159,99.680503,99.921292,99.680503,1.7976931348623157e+308,1.7976931348623157e+308,108.991748,106.733318,112.719135,108.248189,1.0,3.0
202,2026.01.05 03:22,2026.01.05 03:23,108.163189,108.370986,108.067189,108.282986,-1.0,1.0,0.0,0.0,2048.0,109.409159,99.680503,99.921292,99.680503,1.7976931348623157e+308,1.7976931348623157e+308,108.991748,106.733318,1.7976931348623157e+308,1.7976931348623157e+308,1.0,2.0
209,2026.01.05 03:29,2026.01.05 03:30,106.943136,107.031136,106.512553,106.600553,-1.0,1.0,0.0,0.0,1024.0,109.409159,99.680503,99.921292,99.680503,1.7976931348623157e+308,1.7976931348623157e+308,104.558195,102.432117,1.7976931348623157e+308,1.7976931348623157e+308,1.0,1.0
221,2026.01.05 03:41,2026.01.05 03:42,104.888069,104.970069,104.357863,104.457863,-1.0,1.0,0.0,0.0,64.0,109.409159,99.680503,99.921292,99.680503,1.7976931348623157e+308,1.7976931348623157e+308,104.558195,102.432117,1.7976931348623157e+308,1.7976931348623157e+308,1.0,1.0
225,2026.01.05 03:45,2026.01.05 03:46,102.896132,102.969132,102.32115,102.40115,-1.0,1.0,0.0,0.0,1024.0,109.409159,99.680503,99.921292,99.680503,1.7976931348623157e+308,1.7976931348623157e+308,1.7976931348623157e+308,1.7976931348623157e+308,1.7976931348623157e+308,1.7976931348623157e+308,1.0,0.0
239,2026.01.05 03:59,2026.01.05 04:00,101.365019,101.438019,101.075649,101.175649,-1.0,1.0,-1.0,0.0,2.0,109.409159,99.680503,99.921292,99.680503,101.747062,101.537098,1.7976931348623157e+308,1.7976931348623157e+308,1.7976931348623157e+308,1.7976931348623157e+308,2.0,0.0
240,2026.01.05 04:00,2026.01.05 04:01,101.175649,103.060607,101.071649,102.984607,-1.0,1.0,0.0,0.0,512.0,109.409159,99.680503,99.921292,99.680503,1.7976931348623157e+308,1.7976931348623157e+308,1.7976931348623157e+308,1.7976931348623157e+308,1.7976931348623157e+308,1.7976931348623157e+308,1.0,0.0
241,2026.01.05 04:01,2026.01.05 04:02,102.984607,103.063607,102.717778,102.825778,-1.0,1.0,0.0,0.0,4.0,109.409159,99.680503,99.921292,99.680503,1.7976931348623157e+308,1.7976931348623157e+308,102.717778,101.438019,1.7976931348623157e+308,1.7976931348623157e+308,1.0,1.0
242,2026.01.05 04:02,2026.01.05 04:03,102.825778,102.907778,102.619571,102.731571,-1.0,1.0,0.0,0.0,64.0,109.409159,99.680503,99.921292,99.680503,1.7976931348623157e+308,1.7976931348623157e+308,102.717778,101.438019,1.7976931348623157e+308,1.7976931348623157e+308,1.0,1.0
262,2026.01.05 04:22,2026.01.05 04:23,105.961309,106.229761,105.877309,106.150761,1.0,1.0,2.0,0.0,1.0,113.22585,99.680503,105.913972,105.680374,1.7976931348623157e+308,1.7976931348623157e+308,102.717778,101.438019,1.7976931348623157e+308,1.7976931348623157e+308,2.0,1.0
274,2026.01.05 04:34,2026.01.05 04:35,106.022248,106.095248,105.487273,105.583273,-1.0,1.0,-2.0,0.0,258.0,113.22585,99.680503,99.921292,99.680503,107.434771,107.178446,102.717778,101.438019,1.7976931348623157e+308,1.7976931348623157e+308,2.0,1.0
280,2026.01.05 04:40,2026.01.05 04:41,104.132072,107.612787,104.048072,107.542787,1.0,1.0,2.0,0.0,769.0,113.22585,99.680503,99.921292,99.680503,1.7976931348623157e+308,1.7976931348623157e+308,102.717778,101.438019,1.7976931348623157e+308,1.7976931348623157e+308,1.0,1.0
281,2026.01.05 04:41,2026.01.05 04:42,107.542787,107.615787,107.395782,107.483782,1.0,1.0,0.0,0.0,4.0,113.22585,99.680503,99.921292,99.680503,1.7976931348623157e+308,1.7976931348623157e+308,107.395782,104.366004,1.7976931348623157e+308,1.7976931348623157e+308,1.0,2.0
282,2026.01.05 04:42,2026.01.05 04:43,107.483782,107.559782,107.331438,107.423438,1.0,1.0,0.0,0.0,64.0,113.22585,99.680503,99.921292,99.680503,1.7976931348623157e+308,1.7976931348623157e+308,107.395782,104.366004,1.7976931348623157e+308,1.7976931348623157e+308,1.0,2.0
291,2026.01.05 04:51,2026.01.05 04:52,104.767359,104.849359,104.222079,104.314079,1.0,1.0,0.0,0.0,1024.0,113.22585,101.071649,99.921292,99.680503,1.7976931348623157e+308,1.7976931348623157e+308,102.717778,101.438019,1.7976931348623157e+308,1.7976931348623157e+308,1.0,1.0
292,2026.01.05 04:52,2026.01.05 04:53,104.314079,104.399079,103.838098,103.934098,-1.0,1.0,-2.0,0.0,2.0,113.22585,101.071649,99.921292,99.680503,107.615787,107.395782,102.717778,101.438019,1.7976931348623157e+308,1.7976931348623157e+308,2.0,1.0
312,2026.01.05 05:12,2026.01.05 05:13,104.291239,104.709468,104.187239,104.627468,1.0,1.0,2.0,0.0,1.0,113.22585,101.071649,103.984054,103.779174,107.615787,107.395782,102.717778,101.438019,1.7976931348623157e+308,1.7976931348623157e+308,3.0,1.0
320,2026.01.05 05:20,2026.01.05 05:21,107.181689,107.266689,101.651682,101.751682,-1.0,1.0,-2.0,0.0,770.0,113.22585,101.071649,99.921292,99.680503,107.615787,107.395782,102.717778,101.438019,1.7976931348623157e+308,1.7976931348623157e+308,2.0,1.0
321,2026.01.05 05:21,2026.01.05 05:22,101.751682,101.839682,101.629449,101.733449,-1.0,1.0,0.0,0.0,8.0,113.22585,101.071649,99.921292,99.680503,107.615787,107.395782,102.717778,101.438019,106.914198,101.839682,2.0,2.0
323,2026.01.05 05:23,2026.01.05 05:24,101.650953,101.723953,101.423144,101.535144,-1.0,1.0,0.0,0.0,1024.0,113.22585,101.071649,99.921292,99.680503,107.615787,107.395782,1.7976931348623157e+308,1.7976931348623157e+308,106.914198,101.839682,2.0,1.0
330,2026.01.05 05:30,2026.01.05 05:31,101.595122,101.853342,101.491122,101.780342,-1.0,1.0,0.0,0.0,2048.0,113.22585,101.071649,99.921292,99.680503,107.615787,107.395782,1.7976931348623157e+308,1.7976931348623157e+308,1.7976931348623157e+308,1.7976931348623157e+308,2.0,0.0
338,2026.01.05 05:38,2026.01.05 05:39,101.442001,101.518001,100.908713,101.008713,-1.0,-1.0,-1.0,-2.0,2.0,107.615787,101.071649,99.921292,99.680503,102.272897,102.085223,1.7976931348623157e+308,1.7976931348623157e+308,1.7976931348623157e+308,1.7976931348623157e+308,4.0,0.0
340,2026.01.05 05:40,2026.01.05 05:41,100.524448,100.606448,99.917669,100.025669,-1.0,-1.0,0.0,0.0,16.0,107.615787,101.071649,99.921292,99.680503,102.272897,102.085223,1.7976931348623157e+308,1.7976931348623157e+308,1.7976931348623157e+308,1.7976931348623157e+308,4.0,0.0
341,2026.01.05 05:41,2026.01.05 05:42,100.025669,100.110669,99.436805,99.548805,-1.0,-1.0,0.0,0.0,256.0,107.615787,101.071649,1.7976931348623157e+308,1.7976931348623157e+308,102.272897,102.085223,1.7976931348623157e+308,1.7976931348623157e+308,1.7976931348623157e+308,1.7976931348623157e+308,3.0,0.0
361,2026.01.05 06:01,2026.01.05 06:02,96.7778,96.964192,96.6938,96.882192,-1.0,-1.0,0.0,0.0,4.0,107.615787,101.071649,1.7976931348623157e+308,1.7976931348623157e+308,102.272897,102.085223,96.6938,95.175582,1.7976931348623157e+308,1.7976931348623157e+308,3.0,1.0
381,2026.01.05 06:21,2026.01.05 06:22,101.597095,102.209945,101.505095,102.130945,-1.0,-1.0,0.0,0.0,32.0,107.615787,101.071649,1.7976931348623157e+308,1.7976931348623157e+308,102.272897,102.085223,96.6938,95.175582,1.7976931348623157e+308,1.7976931348623157e+308,3.0,1.0
382,2026.01.05 06:22,2026.01.05 06:23,102.130945,102.712214,102.034945,102.630214,1.0,-1.0,2.0,0.0,513.0,107.615787,101.071649,95.175582,94.768992,107.615787,107.395782,96.6938,95.175582,1.7976931348623157e+308,1.7976931348623157e+308,3.0,1.0
396,2026.01.05 06:36,2026.01.05 06:37,103.689506,103.959358,103.609506,103.877358,1.0,-1.0,1.0,0.0,1.0,107.615787,101.071649,103.511068,103.30245,107.615787,107.395782,96.6938,95.175582,1.7976931348623157e+308,1.7976931348623157e+308,4.0,1.0
400,2026.01.05 06:40,2026.01.05 06:41,104.332548,107.916953,104.236548,107.843953,1.0,1.0,0.0,2.0,513.0,107.615787,101.071649,103.511068,103.30245,1.7976931348623157e+308,1.7976931348623157e+308,96.6938,95.175582,1.7976931348623157e+308,1.7976931348623157e+308,3.0,1.0
401,2026.01.05 06:41,2026.01.05 06:42,107.843953,107.919953,107.649448,107.749448,1.0,1.0,0.0,0.0,4.0,107.615787,101.071649,103.511068,103.30245,1.7976931348623157e+308,1.7976931348623157e+308,107.649448,104.402548,1.7976931348623157e+308,1.7976931348623157e+308,3.0,2.0
402,2026.01.05 06:42,2026.01.05 06:43,107.749448,107.828448,107.440684,107.544684,1.0,1.0,0.0,0.0,64.0,107.615787,101.071649,103.511068,103.30245,1.7976931348623157e+308,1.7976931348623157e+308,107.649448,104.402548,1.7976931348623157e+308,1.7976931348623157e+308,3.0,2.0
419,2026.01.05 06:59,2026.01.05 07:00,104.619508,104.707508,104.335158,104.435158,-1.0,1.0,-2.0,0.0,1026.0,107.615787,94.768992,103.511068,103.30245,104.859217,104.642055,96.6938,95.175582,1.7976931348623157e+308,1.7976931348623157e+308,4.0,1.0
423,2026.01.05 07:03,2026.01.05 07:04,103.658022,103.737022,103.348865,103.428865,-1.0,1.0,0.0,0.0,16.0,107.615787,94.768992,103.511068,103.30245,104.859217,104.642055,96.6938,95.175582,1.7976931348623157e+308,1.7976931348623157e+308,4.0,1.0
424,2026.01.05 07:04,2026.01.05 07:05,103.428865,103.510865,103.187505,103.271505,-1.0,1.0,0.0,0.0,256.0,107.615787,94.768992,95.175582,94.768992,104.859217,104.642055,96.6938,95.175582,1.7976931348623157e+308,1.7976931348623157e+308,3.0,1.0
431,2026.01.05 07:11,2026.01.05 07:12,104.511548,105.03265,104.399548,104.95065,1.0,1.0,2.0,0.0,513.0,107.615787,94.768992,103.356569,103.120694,1.7976931348623157e+308,1.7976931348623157e+308,96.6938,95.175582,1.7976931348623157e+308,1.7976931348623157e+308,3.0,1.0
440,2026.01.05 07:20,2026.01.05 07:21,106.639524,106.727524,101.11748,101.22948,-1.0,1.0,-2.0,0.0,770.0,107.615787,94.768992,95.175582,94.768992,1.7976931348623157e+308,1.7976931348623157e+308,96.6938,95.175582,1.7976931348623157e+308,1.7976931348623157e+308,2.0,1.0
441,2026.01.05 07:21,2026.01.05 07:22,101.22948,101.448406,101.14948,101.378406,-1.0,1.0,0.0,0.0,8.0,107.615787,94.768992,95.175582,94.768992,1.7976931348623157e+308,1.7976931348623157e+308,96.6938,95.175582,106.472486,101.448406,2.0,2.0
442,2026.01.05 07:22,2026.01.05 07:23,101.378406,101.678876,101.294406,101.605876,-1.0,1.0,0.0,0.0,2048.0,107.615787,94.768992,95.175582,94.768992,1.7976931348623157e+308,1.7976931348623157e+308,96.6938,95.175582,1.7976931348623157e+308,1.7976931348623157e+308,2.0,1.0
469,2026.01.05 07:49,2026.01.05 07:50,104.300254,104.370254,103.88693,103.97093,-1.0,1.0,-1.0,0.0,2.0,107.919953,94.768992,95.175582,94.768992,104.778778,104.556167,96.6938,95.175582,1.7976931348623157e+308,1.7976931348623157e+308,3.0,1.0
481,2026.01.05 08:01,2026.01.05 08:02,103.523781,103.725817,103.427781,103.640817,-1.0,1.0,0.0,0.0,4.0,107.919953,94.768992,95.175582,94.768992,104.778778,104.556167,103.427781,101.488404,1.7976931348623157e+308,1.7976931348623157e+308,3.0,2.0
486,2026.01.05 08:06,2026.01.05 08:07,103.639222,103.718222,103.407305,103.487305,-1.0,1.0,0.0,0.0,64.0,107.919953,94.768992,95.175582,94.768992,104.778778,104.556167,103.427781,101.488404,1.7976931348623157e+308,1.7976931348623157e+308,3.0,2.0
495,2026.01.05 08:15,2026.01.05 08:16,103.595264,104.108038,103.515264,104.023038,1.0,1.0,2.0,0.0,1.0,107.919953,101.14948,102.966904,102.783616,104.778778,104.556167,103.427781,101.488404,1.7976931348623157e+308,1.7976931348623157e+308,4.0,2.0
496,2026.01.05 08:16,2026.01.05 08:17,104.023038,104.592546,103.939038,104.504546,1.0,1.0,0.0,0.0,32.0,107.919953,101.14948,102.966904,102.783616,104.778778,104.556167,103.427781,101.488404,1.7976931348623157e+308,1.7976931348623157e+308,4.0,2.0
497,2026.01.05 08:17,2026.01.05 08:18,104.504546,105.073537,104.416546,105.003537,1.0,1.0,0.0,0.0,512.0,107.919953,101.14948,102.966904,102.783616,1.7976931348623157e+308,1.7976931348623157e+308,103.427781,101.488404,1.7976931348623157e+308,1.7976931348623157e+308,3.0,2.0
510,2026.01.05 08:30,2026.01.05 08:31,107.610811,108.041228,107.506811,107.953228,1.0,1.0,0.0,1.0,1.0,107.919953,101.14948,102.966904,102.783616,1.7976931348623157e+308,1.7976931348623157e+308,103.427781,101.488404,1.7976931348623157e+308,1.7976931348623157e+308,4.0,2.0
521,2026.01.05 08:41,2026.01.05 08:42,113.469908,113.548908,113.104351,113.216351,1.0,1.0,0.0,0.0,4.0,107.919953,101.14948,102.966904,102.783616,1.7976931348623157e+308,1.7976931348623157e+308,113.104351,110.354665,1.7976931348623157e+308,1.7976931348623157e+308,4.0,3.0
522,2026.01.05 08:42,2026.01.05 08:43,113.216351,113.298351,112.863244,112.94324399999999,1.0,1.0,0.0,0.0,64.0,107.919953,101.14948,102.966904,102.783616,1.7976931348623157e+308,1.7976931348623157e+308,113.104351,110.354665,1.7976931348623157e+308,1.7976931348623157e+308,4.0,3.0
538,2026.01.05 08:58,2026.01.05 08:59,110.80721,110.89521,110.254199,110.362199,1.0,1.0,0.0,0.0,1024.0,107.919953,101.14948,102.966904,102.783616,1.7976931348623157e+308,1.7976931348623157e+308,103.427781,101.488404,1.7976931348623157e+308,1.7976931348623157e+308,4.0,2.0
554,2026.01.05 09:14,2026.01.05 09:15,108.769607,108.842607,108.476595,108.576595,-1.0,1.0,-2.0,0.0,2.0,107.919953,101.14948,102.966904,102.783616,109.306628,109.11434,103.427781,101.488404,1.7976931348623157e+308,1.7976931348623157e+308,5.0,2.0
561,2026.01.05 09:21,2026.01.05 09:22,103.365058,103.818477,103.273058,103.745477,-1.0,1.0,0.0,0.0,8.0,107.919953,101.14948,102.966904,102.783616,109.306628,109.11434,103.427781,101.488404,108.286375,103.818477,5.0,3.0
562,2026.01.05 09:22,2026.01.05 09:23,103.745477,104.25336,103.649477,104.17736,-1.0,1.0,0.0,0.0,2048.0,107.919953,101.14948,102.966904,102.783616,109.306628,109.11434,103.427781,101.488404,1.7976931348623157e+308,1.7976931348623157e+308,5.0,2.0
576,2026.01.05 09:36,2026.01.05 09:37,106.000124,106.255281,105.920124,106.179281,1.0,1.0,2.0,0.0,1.0,113.548908,101.14948,105.961378,105.745579,109.306628,109.11434,103.427781,101.488404,1.7976931348623157e+308,1.7976931348623157e+308,6.0,2.0
588,2026.01.05 09:48,2026.01.05 09:49,106.15454,106.22454,105.623542,105.715542,-1.0,1.0,-2.0,0.0,258.0,113.548908,101.14948,102.966904,102.783616,107.494108,107.263661,103.427781,101.488404,1.7976931348623157e+308,1.7976931348623157e+308,6.0,2.0
601,2026.01.05 10:01,2026.01.05 10:02,105.239697,105.327697,104.742315,104.850315,-1.0,1.0,0.0,0.0,4.0,113.548908,101.14948,102.966904,102.783616,107.494108,107.263661,104.742315,103.849558,1.7976931348623157e+308,1.7976931348623157e+308,6.0,3.0
602,2026.01.05 10:02,2026.01.05 10:03,104.850315,104.920315,104.283512,104.395512,-1.0,1.0,0.0,0.0,64.0,113.548908,101.14948,102.966904,102.783616,107.494108,107.263661,104.742315,103.849558,1.7976931348623157e+308,1.7976931348623157e+308,6.0,3.0
603,2026.01.05 10:03,2026.01.05 10:04,104.395512,104.468512,103.822854,103.902854,-1.0,1.0,0.0,0.0,1024.0,113.548908,101.14948,102.966904,102.783616,107.494108,107.263661,103.427781,101.488404,1.7976931348623157e+308,1.7976931348623157e+308,6.0,2.0
605,2026.01.05 10:05,2026.01.05 10:06,103.406988,103.485988,102.856994,102.944994,-1.0,1.0,0.0,0.0,16.0,113.548908,101.14948,102.966904,102.783616,107.494108,107.263661,103.427781,101.488404,1.7976931348623157e+308,1.7976931348623157e+308,6.0,2.0
606,2026.01.05 10:06,2026.01.05 10:07,102.944994,103.026994,102.459364,102.551364,-1.0,1.0,0.0,0.0,256.0,113.548908,101.14948,101.448406,101.14948,107.494108,107.263661,103.427781,101.488404,1.7976931348623157e+308,1.7976931348623157e+308,5.0,2.0
626,2026.01.05 10:26,2026.01.05 10:27,102.808866,103.210157,102.708866,103.131157,1.0,1.0,2.0,0.0,1.0,113.548908,101.14948,102.531237,102.347782,107.494108,107.263661,103.427781,101.488404,1.7976931348623157e+308,1.7976931348623157e+308,6.0,2.0
640,2026.01.05 10:40,2026.01.05 10:41,105.407302,108.945215,105.323302,108.866215,1.0,1.0,0.0,0.0,512.0,113.548908,101.14948,102.531237,102.347782,109.306628,109.11434,103.427781,101.488404,1.7976931348623157e+308,1.7976931348623157e+308,5.0,2.0
641,2026.01.05 10:41,2026.01.05 10:42,108.866215,108.972518,108.778215,108.890518,1.0,1.0,0.0,0.0,4.0,113.548908,101.14948,102.531237,102.347782,109.306628,109.11434,108.778215,105.575257,1.7976931348623157e+308,1.7976931348623157e+308,5.0,3.0
643,2026.01.05 10:43,2026.01.05 10:44,108.982233,109.218475,108.886233,109.130475,1.0,1.0,0.0,0.0,32.0,113.548908,101.14948,102.531237,102.347782,109.306628,109.11434,108.778215,105.575257,1.7976931348623157e+308,1.7976931348623157e+308,5.0,3.0
644,2026.01.05 10:44,2026.01.05 10:45,109.130475,109.382916,109.030475,109.312916,1.0,1.0,0.0,0.0,512.0,113.548908,101.14948,102.531237,102.347782,1.7976931348623157e+308,1.7976931348623157e+308,108.778215,105.575257,1.7976931348623157e+308,1.7976931348623157e+308,4.0,3.0
652,2026.01.05 10:52,2026.01.05 10:53,109.066929,109.139929,108.548866,108.644866,1.0,1.0,0.0,0.0,64.0,113.548908,101.14948,102.531237,102.347782,1.7976931348623157e+308,1.7976931348623157e+308,108.778215,105.575257,1.7976931348623157e+308,1.7976931348623157e+308,4.0,3.0
663,2026.01.05 11:03,2026.01.05 11:04,105.675808,105.760808,105.50071,105.60471,1.0,1.0,0.0,0.0,1024.0,113.548908,101.888289,102.531237,102.347782,1.7976931348623157e+308,1.7976931348623157e+308,103.427781,101.488404,1.7976931348623157e+308,1.7976931348623157e+308,4.0,2.0
673,2026.01.05 11:13,2026.01.05 11:14,102.707035,102.780035,102.363159,102.471159,1.0,1.0,0.0,0.0,16.0,113.548908,101.888289,102.531237,102.347782,1.7976931348623157e+308,1.7976931348623157e+308,103.427781,101.488404,1.7976931348623157e+308,1.7976931348623157e+308,4.0,2.0
674,2026.01.05 11:14,2026.01.05 11:15,102.471159,102.547159,102.23709,102.34909,1.0,1.0,0.0,0.0,256.0,113.548908,101.888289,101.448406,101.14948,1.7976931348623157e+308,1.7976931348623157e+308,103.427781,101.488404,1.7976931348623157e+308,1.7976931348623157e+308,3.0,2.0
675,2026.01.05 11:15,2026.01.05 11:16,102.34909,102.42809,102.265167,102.345167,-1.0,1.0,-2.0,0.0,2.0,113.548908,101.888289,101.448406,101.14948,109.827257,109.546001,103.427781,101.488404,1.7976931348623157e+308,1.7976931348623157e+308,4.0,2.0
680,2026.01.05 11:20,2026.01.05 11:21,103.166545,103.239545,97.826844,97.926844,-1.0,-1.0,-1.0,-2.0,1794.0,113.548908,101.888289,95.175582,94.768992,109.827257,109.546001,96.6938,95.175582,1.7976931348623157e+308,1.7976931348623157e+308,4.0,1.0
681,2026.01.05 11:21,2026.01.05 11:22,97.926844,98.220634,97.822844,98.144634,-1.0,-1.0,0.0,0.0,8.0,113.548908,101.888289,95.175582,94.768992,109.827257,109.546001,96.6938,95.175582,102.797682,98.220634,4.0,2.0
682,2026.01.05 11:22,2026.01.05 11:23,98.144634,98.378128,98.036634,98.299128,-1.0,-1.0,0.0,0.0,2048.0,113.548908,101.888289,95.175582,94.768992,109.827257,109.546001,96.6938,95.175582,1.7976931348623157e+308,1.7976931348623157e+308,4.0,1.0
716,2026.01.05 11:56,2026.01.05 11:57,100.659095,100.735095,100.28163,100.38163,-1.0,-1.0,-1.0,0.0,2.0,109.827257,101.888289,95.175582,94.768992,100.977088,100.778756,96.6938,95.175582,1.7976931348623157e+308,1.7976931348623157e+308,5.0,1.0
721,2026.01.05 12:01,2026.01.05 12:02,100.479411,100.549411,99.967313,100.051313,-1.0,-1.0,0.0,0.0,4.0,109.827257,101.888289,95.175582,94.768992,100.977088,100.778756,99.967313,99.620736,1.7976931348623157e+308,1.7976931348623157e+308,5.0,2.0
722,2026.01.05 12:02,2026.01.05 12:03,100.051313,100.124313,99.588126,99.676126,-1.0,-1.0,0.0,0.0,1024.0,109.827257,101.888289,95.175582,94.768992,100.977088,100.778756,96.6938,95.175582,1.7976931348623157e+308,1.7976931348623157e+308,5.0,1.0
730,2026.01.05 12:10,2026.01.05 12:11,99.190461,99.291247,99.106461,99.215247,-1.0,-1.0,0.0,0.0,8192.0,109.827257,101.888289,95.175582,94.768992,100.977088,100.778756,96.6938,95.175582,1.7976931348623157e+308,1.7976931348623157e+308,5.0,1.0
733,2026.01.05 12:13,2026.01.05 12:14,99.07979,99.16479,98.809913,98.905913,-1.0,-1.0,-1.0,0.0,2.0,109.827257,97.822844,95.175582,94.768992,99.294247,99.094732,96.6938,95.175582,1.7976931348623157e+308,1.7976931348623157e+308,6.0,1.0
738,2026.01.05 12:18,2026.01.05 12:19,97.898532,97.977532,97.647718,97.727718,-1.0,-1.0,0.0,-1.0,2.0,109.827257,97.822844,95.175582,94.768992,99.294247,99.094732,96.6938,95.175582,1.7976931348623157e+308,1.7976931348623157e+308,7.0,1.0
745,2026.01.05 12:25,2026.01.05 12:26,98.879505,99.39717,98.771505,99.31817,1.0,-1.0,2.0,0.0,513.0,109.827257,97.822844,97.773865,97.56382,100.977088,100.778756,96.6938,95.175582,1.7976931348623157e+308,1.7976931348623157e+308,7.0,1.0
750,2026.01.05 12:30,2026.01.05 12:31,100.68238,100.917784,100.59038,100.844784,1.0,-1.0,0.0,0.0,32.0,109.827257,97.822844,97.773865,97.56382,100.977088,100.778756,96.6938,95.175582,1.7976931348623157e+308,1.7976931348623157e+308,7.0,1.0
751,2026.01.05 12:31,2026.01.05 12:32,100.844784,101.021497,100.748784,100.945497,1.0,-1.0,0.0,0.0,512.0,101.544151,97.822844,97.773865,97.56382,101.544151,101.305599,96.6938,95.175582,1.7976931348623157e+308,1.7976931348623157e+308,6.0,1.0
755,2026.01.05 12:35,2026.01.05 12:36,101.149017,101.374976,101.037017,101.286976,1.0,-1.0,0.0,0.0,32.0,101.544151,97.822844,97.773865,97.56382,101.544151,101.305599,96.6938,95.175582,1.7976931348623157e+308,1.7976931348623157e+308,6.0,1.0
756,2026.01.05 12:36,2026.01.05 12:37,101.286976,101.571076,101.206976,101.501076,1.0,-1.0,0.0,0.0,512.0,101.544151,97.822844,97.773865,97.56382,109.827257,109.546001,96.6938,95.175582,1.7976931348623157e+308,1.7976931348623157e+308,5.0,1.0
757,2026.01.05 12:37,2026.01.05 12:38,101.501076,101.874278,101.417076,101.801278,1.0,1.0,0.0,2.0,1.0,101.544151,97.822844,97.773865,97.56382,109.827257,109.546001,96.6938,95.175582,1.7976931348623157e+308,1.7976931348623157e+308,6.0,1.0
761,2026.01.05 12:41,2026.01.05 12:42,106.625895,107.207864,106.525895,107.122864,1.0,1.0,0.0,0.0,4.0,101.544151,97.822844,97.773865,97.56382,109.827257,109.546001,106.525895,102.714048,1.7976931348623157e+308,1.7976931348623157e+308,6.0,2.0
783,2026.01.05 13:03,2026.01.05 13:04,107.781393,107.869393,107.386259,107.466259,-1.0,1.0,-2.0,0.0,2.0,101.544151,97.822844,97.773865,97.56382,108.21016,108.008739,106.525895,102.714048,1.7976931348623157e+308,1.7976931348623157e+308,7.0,2.0
786,2026.01.05 13:06,2026.01.05 13:07,106.626467,106.702467,106.074256,106.166256,-1.0,1.0,0.0,0.0,64.0,101.544151,97.822844,97.773865,97.56382,108.21016,108.008739,106.525895,102.714048,1.7976931348623157e+308,1.7976931348623157e+308,7.0,2.0
800,2026.01.05 13:20,2026.01.05 13:21,105.095947,105.171947,99.339524,99.451524,-1.0,1.0,-1.0,0.0,1026.0,101.544151,97.56382,97.773865,97.56382,105.289377,105.055553,96.6938,95.175582,1.7976931348623157e+308,1.7976931348623157e+308,8.0,1.0
801,2026.01.05 13:21,2026.01.05 13:22,99.451524,99.530524,99.190768,99.270768,-1.0,1.0,0.0,0.0,8.0,101.544151,97.56382,97.773865,97.56382,105.289377,105.055553,96.6938,95.175582,104.987947,99.530524,8.0,2.0
808,2026.01.05 13:28,2026.01.05 13:29,99.144134,99.550433,99.036134,99.471433,-1.0,1.0,0.0,0.0,2048.0,101.544151,97.56382,97.773865,97.56382,105.289377,105.055553,96.6938,95.175582,1.7976931348623157e+308,1.7976931348623157e+308,8.0,1.0
827,2026.01.05 13:47,2026.01.05 13:48,104.657171,105.166928,104.545171,105.093928,-1.0,1.0,0.0,0.0,32.0,108.652712,97.56382,97.773865,97.56382,105.289377,105.055553,96.6938,95.175582,1.7976931348623157e+308,1.7976931348623157e+308,8.0,1.0
828,2026.01.05 13:48,2026.01.05 13:49,105.093928,105.575243,105.013928,105.499243,1.0,1.0,2.0,0.0,513.0,108.652712,97.56382,98.998393,98.722287,108.21016,108.008739,96.6938,95.175582,1.7976931348623157e+308,1.7976931348623157e+308,8.0,1.0
840,2026.01.05 14:00,2026.01.05 14:01,104.77915,106.76102,104.68715,106.69102,1.0,1.0,1.0,0.0,257.0,108.652712,97.56382,98.998393,98.722287,108.21016,108.008739,96.6938,95.175582,1.7976931348623157e+308,1.7976931348623157e+308,8.0,1.0
841,2026.01.05 14:01,2026.01.05 14:02,106.69102,106.76402,106.575624,106.671624,1.0,1.0,0.0,0.0,4.0,108.652712,97.56382,98.998393,98.722287,108.21016,108.008739,106.575624,105.027177,1.7976931348623157e+308,1.7976931348623157e+308,8.0,2.0
842,2026.01.05 14:02,2026.01.05 14:03,106.671624,106.781468,106.571624,106.705468,1.0,1.0,0.0,0.0,64.0,108.652712,97.56382,98.998393,98.722287,108.21016,108.008739,106.575624,105.027177,1.7976931348623157e+308,1.7976931348623157e+308,8.0,2.0
852,2026.01.05 14:12,2026.01.05 14:13,105.315689,105.400689,104.765076,104.869076,1.0,1.0,0.0,0.0,1024.0,108.652712,97.56382,98.998393,98.722287,108.21016,108.008739,96.6938,95.175582,1.7976931348623157e+308,1.7976931348623157e+308,8.0,1.0
853,2026.01.05 14:13,2026.01.05 14:14,104.869076,104.957076,104.34026,104.44826,-1.0,1.0,-2.0,0.0,2.0,108.652712,97.56382,98.998393,98.722287,106.935544,106.724765,96.6938,95.175582,1.7976931348623157e+308,1.7976931348623157e+308,9.0,1.0
873,2026.01.05 14:33,2026.01.05 14:34,104.392142,104.745888,104.312142,104.660888,1.0,1.0,2.0,0.0,1.0,108.652712,98.722287,104.312834,104.070468,106.935544,106.724765,96.6938,95.175582,1.7976931348623157e+308,1.7976931348623157e+308,10.0,1.0
878,2026.01.05 14:38,2026.01.05 14:39,106.546609,107.146547,106.446609,107.067547,1.0,1.0,0.0,0.0,512.0,108.652712,98.722287,104.312834,104.070468,108.21016,108.008739,96.6938,95.175582,1.7976931348623157e+308,1.7976931348623157e+308,9.0,1.0
880,2026.01.05 14:40,2026.01.05 14:41,107.538019,111.516578,107.430019,111.431578,1.0,1.0,0.0,1.0,513.0,108.652712,98.722287,104.312834,104.070468,1.7976931348623157e+308,1.7976931348623157e+308,96.6938,95.175582,1.7976931348623157e+308,1.7976931348623157e+308,7.0,1.0
881,2026.01.05 14:41,2026.01.05 14:42,111.431578,111.820974,111.319578,111.732974,1.0,1.0,0.0,0.0,4.0,108.652712,98.722287,104.312834,104.070468,1.7976931348623157e+308,1.7976931348623157e+308,111.319578,107.620019,1.7976931348623157e+308,1.7976931348623157e+308,7.0,2.0
912,2026.01.05 15:12,2026.01.05 15:13,111.490679,111.566679,111.266002,111.358002,1.0,1.0,0.0,0.0,64.0,108.652712,98.722287,104.312834,104.070468,1.7976931348623157e+308,1.7976931348623157e+308,111.319578,107.620019,1.7976931348623157e+308,1.7976931348623157e+308,7.0,2.0
920,2026.01.05 15:20,2026.01.05 15:21,108.577658,108.656658,102.583079,102.671079,-1.0,1.0,-2.0,0.0,1282.0,108.652712,98.722287,98.998393,98.722287,114.755852,114.515812,96.6938,95.175582,1.7976931348623157e+308,1.7976931348623157e+308,7.0,1.0
921,2026.01.05 15:21,2026.01.05 15:22,102.671079,102.753079,102.264414,102.356414,-1.0,1.0,0.0,0.0,8.0,108.652712,98.722287,98.998393,98.722287,114.755852,114.515812,96.6938,95.175582,108.493658,102.753079,7.0,2.0
928,2026.01.05 15:28,2026.01.05 15:29,102.539782,102.799529,102.455782,102.717529,-1.0,1.0,0.0,0.0,2048.0,108.652712,98.722287,98.998393,98.722287,114.755852,114.515812,96.6938,95.175582,1.7976931348623157e+308,1.7976931348623157e+308,7.0,1.0
940,2026.01.05 15:40,2026.01.05 15:41,102.828975,103.212834,102.732975,103.136834,1.0,1.0,2.0,0.0,1.0,108.652712,98.722287,102.601898,102.418384,114.755852,114.515812,96.6938,95.175582,1.7976931348623157e+308,1.7976931348623157e+308,8.0,1.0
959,2026.01.05 15:59,2026.01.05 16:00,105.84559,106.1033,105.74558999999999,106.0333,1.0,1.0,1.0,0.0,1.0,114.755852,98.722287,105.523863,105.347448,114.755852,114.515812,96.6938,95.175582,1.7976931348623157e+308,1.7976931348623157e+308,9.0,1.0
961,2026.01.05 16:01,2026.01.05 16:02,108.195558,108.374275,108.087558,108.298275,1.0,1.0,0.0,0.0,4.0,114.755852,98.722287,105.523863,105.347448,114.755852,114.515812,108.087558,106.1033,1.7976931348623157e+308,1.7976931348623157e+308,9.0,2.0
964,2026.01.05 16:04,2026.01.05 16:05,108.218472,108.303472,107.924857,108.008857,1.0,1.0,0.0,0.0,64.0,114.755852,98.722287,105.523863,105.347448,114.755852,114.515812,108.087558,106.1033,1.7976931348623157e+308,1.7976931348623157e+308,9.0,2.0
969,2026.01.05 16:09,2026.01.05 16:10,106.309515,106.388515,105.717925,105.821925,1.0,1.0,0.0,0.0,1024.0,114.755852,98.722287,105.523863,105.347448,114.755852,114.515812,96.6938,95.175582,1.7976931348623157e+308,1.7976931348623157e+308,9.0,1.0
970,2026.01.05 16:10,2026.01.05 16:11,105.821925,105.903925,105.270515,105.378515,1.0,1.0,0.0,0.0,256.0,114.755852,98.722287,102.601898,102.418384,114.755852,114.515812,96.6938,95.175582,1.7976931348623157e+308,1.7976931348623157e+308,8.0,1.0
971,2026.01.05 16:11,2026.01.05 16:12,105.378515,105.463515,104.89292,105.00492,-1.0,1.0,-2.0,0.0,2.0,114.755852,98.722287,102.601898,102.418384,108.394469,108.138472,96.6938,95.175582,1.7976931348623157e+308,1.7976931348623157e+308,9.0,1.0
983,2026.01.05 16:23,2026.01.05 16:24,102.93924,103.01824,102.421284,102.509284,-1.0,1.0,0.0,0.0,16.0,114.755852,101.958969,102.601898,102.418384,108.394469,108.138472,96.6938,95.175582,1.7976931348623157e+308,1.7976931348623157e+308,9.0,1.0
984,2026.01.05 16:24,2026.01.05 16:25,102.509284,102.591284,101.979599,102.071599,-1.0,1.0,0.0,0.0,256.0,114.755852,101.958969,98.998393,98.722287,108.394469,108.138472,96.6938,95.175582,1.7976931348623157e+308,1.7976931348623157e+308,8.0,1.0
985,2026.01.05 16:25,2026.01.05 16:26,102.071599,102.156599,101.566453,101.662453,-1.0,-1.0,0.0,-2.0,2.0,114.755852,101.958969,98.998393,98.722287,108.394469,108.138472,96.6938,95.175582,1.7976931348623157e+308,1.7976931348623157e+308,9.0,1.0
1001,2026.01.05 16:41,2026.01.05 16:42,105.869459,105.939459,105.721751,105.809751,-1.0,-1.0,0.0,0.0,4.0,114.755852,101.958969,98.998393,98.722287,108.394469,108.138472,105.721751,102.545474,1.7976931348623157e+308,1.7976931348623157e+308,9.0,2.0
1002,2026.01.05 16:42,2026.01.05 16:43,105.809751,105.882751,105.691596,105.783596,-1.0,-1.0,0.0,0.0,64.0,114.755852,101.958969,98.998393,98.722287,108.394469,108.138472,105.721751,102.545474,1.7976931348623157e+308,1.7976931348623157e+308,9.0,2.0
1010,2026.01.05 16:50,2026.01.05 16:51,107.727229,108.227447,107.639229,108.151447,-1.0,-1.0,0.0,0.0,32.0,114.755852,101.958969,98.998393,98.722287,108.394469,108.138472,105.721751,102.545474,1.7976931348623157e+308,1.7976931348623157e+308,9.0,2.0
1011,2026.01.05 16:51,2026.01.05 16:52,108.151447,108.596386,108.059447,108.517386,1.0,-1.0,2.0,0.0,513.0,114.755852,101.958969,100.999405,100.788934,114.755852,114.515812,105.721751,102.545474,1.7976931348623157e+308,1.7976931348623157e+308,8.0,2.0
1031,2026.01.05 17:11,2026.01.05 17:12,107.995923,108.071923,107.530416,107.630416,-1.0,-1.0,-2.0,0.0,2.0,114.755852,101.958969,100.999405,100.788934,108.541443,108.317577,105.721751,102.545474,1.7976931348623157e+308,1.7976931348623157e+308,9.0,2.0
1040,2026.01.05 17:20,2026.01.05 17:21,104.204635,104.286635,98.475253,98.575253,-1.0,-1.0,0.0,0.0,1280.0,114.755852,101.958969,97.773865,97.56382,108.541443,108.317577,96.6938,95.175582,1.7976931348623157e+308,1.7976931348623157e+308,6.0,1.0
1041,2026.01.05 17:21,2026.01.05 17:22,98.575253,98.660253,98.405658,98.509658,-1.0,-1.0,0.0,0.0,8.0,114.755852,101.958969,97.773865,97.56382,108.541443,108.317577,96.6938,95.175582,104.108635,98.660253,6.0,2.0
1047,2026.01.05 17:27,2026.01.05 17:28,98.098245,98.180245,97.753159,97.845159,-1.0,-1.0,0.0,0.0,16.0,114.755852,101.958969,97.773865,97.56382,108.541443,108.317577,96.6938,95.175582,104.108635,98.660253,6.0,2.0
1048,2026.01.05 17:28,2026.01.05 17:29,97.845159,97.930159,97.434747,97.530747,-1.0,-1.0,0.0,0.0,256.0,114.755852,101.958969,95.175582,94.768992,108.541443,108.317577,96.6938,95.175582,104.108635,98.660253,4.0,2.0
1051,2026.01.05 17:31,2026.01.05 17:32,96.815082,96.888082,96.371906,96.479906,-1.0,-1.0,0.0,0.0,64.0,114.755852,101.958969,95.175582,94.768992,108.541443,108.317577,96.6938,95.175582,104.108635,98.660253,4.0,2.0
1072,2026.01.05 17:52,2026.01.05 17:53,98.494834,98.848634,98.410834,98.775634,-1.0,-1.0,0.0,0.0,2048.0,109.121707,101.958969,95.175582,94.768992,108.541443,108.317577,96.6938,95.175582,1.7976931348623157e+308,1.7976931348623157e+308,4.0,1.0
1081,2026.01.05 18:01,2026.01.05 18:02,103.002662,103.081662,102.908011,102.992011,-1.0,-1.0,0.0,0.0,4.0,109.121707,101.958969,95.175582,94.768992,108.541443,108.317577,102.908011,101.067642,1.7976931348623157e+308,1.7976931348623157e+308,4.0,2.0
1082,2026.01.05 18:02,2026.01.05 18:03,102.992011,103.074011,102.803963,102.891963,-1.0,-1.0,0.0,0.0,64.0,109.121707,101.958969,95.175582,94.768992,108.541443,108.317577,102.908011,101.067642,1.7976931348623157e+308,1.7976931348623157e+308,4.0,2.0
1097,2026.01.05 18:17,2026.01.05 18:18,102.260024,102.345024,101.847552,101.959552,-1.0,-1.0,-1.0,0.0,2.0,109.121707,101.958969,95.175582,94.768992,102.639597,102.458861,102.908011,101.067642,1.7976931348623157e+308,1.7976931348623157e+308,5.0,2.0
1099,2026.01.05 18:19,2026.01.05 18:20,101.575915,101.645915,101.052514,101.136514,-1.0,-1.0,0.0,0.0,1024.0,109.121707,101.958969,95.175582,94.768992,102.639597,102.458861,96.6938,95.175582,1.7976931348623157e+308,1.7976931348623157e+308,5.0,1.0
1116,2026.01.05 18:36,2026.01.05 18:37,99.237994,99.316994,98.969763,99.049763,-1.0,-1.0,-1.0,0.0,2.0,109.121707,95.864189,95.175582,94.768992,99.723315,99.527308,96.6938,95.175582,1.7976931348623157e+308,1.7976931348623157e+308,6.0,1.0
1120,2026.01.05 18:40,2026.01.05 18:41,98.753468,102.408403,98.657468,102.338403,1.0,-1.0,2.0,0.0,769.0,109.121707,95.864189,95.175582,94.768992,102.639597,102.458861,96.6938,95.175582,1.7976931348623157e+308,1.7976931348623157e+308,5.0,1.0
1121,2026.01.05 18:41,2026.01.05 18:42,102.338403,102.611853,102.238403,102.538853,1.0,-1.0,0.0,0.0,36.0,109.121707,95.864189,95.175582,94.768992,102.639597,102.458861,102.238403,98.863577,1.7976931348623157e+308,1.7976931348623157e+308,5.0,2.0
1122,2026.01.05 18:42,2026.01.05 18:43,102.538853,102.925877,102.434853,102.849877,1.0,-1.0,0.0,0.0,512.0,109.121707,95.864189,95.175582,94.768992,108.541443,108.317577,102.238403,98.863577,1.7976931348623157e+308,1.7976931348623157e+308,4.0,2.0
1141,2026.01.05 19:01,2026.01.05 19:02,108.024313,108.532692,107.916313,108.462692,1.0,-1.0,0.0,0.0,32.0,109.121707,95.864189,95.175582,94.768992,108.541443,108.317577,102.238403,98.863577,1.7976931348623157e+308,1.7976931348623157e+308,4.0,2.0
1142,2026.01.05 19:02,2026.01.05 19:03,108.462692,108.948444,108.350692,108.875444,1.0,-1.0,0.0,0.0,512.0,109.121707,95.864189,95.175582,94.768992,114.755852,114.515812,102.238403,98.863577,1.7976931348623157e+308,1.7976931348623157e+308,3.0,2.0
1143,2026.01.05 19:03,2026.01.05 19:04,108.875444,109.303182,108.795444,109.227182,1.0,1.0,0.0,2.0,1.0,109.121707,95.864189,96.083886,95.864189,114.755852,114.515812,102.238403,98.863577,1.7976931348623157e+308,1.7976931348623157e+308,4.0,2.0
1161,2026.01.05 19:21,2026.01.05 19:22,102.754065,102.842065,102.56025700000001,102.640257,1.0,1.0,0.0,0.0,8.0,109.121707,95.864189,96.083886,95.864189,114.755852,114.515812,102.238403,98.863577,108.146884,102.842065,4.0,3.0
1163,2026.01.05 19:23,2026.01.05 19:24,102.432228,102.505228,102.043729,102.131729,1.0,1.0,0.0,0.0,64.0,109.121707,95.864189,96.083886,95.864189,114.755852,114.515812,102.238403,98.863577,108.146884,102.842065,4.0,3.0
1188,2026.01.05 19:48,2026.01.05 19:49,100.547941,100.990534,100.467941,100.905534,1.0,1.0,1.0,0.0,1.0,109.121707,95.864189,100.231665,100.011166,114.755852,114.515812,102.238403,98.863577,108.146884,102.842065,5.0,3.0
1192,2026.01.05 19:52,2026.01.05 19:53,102.398352,103.000312,102.302352,102.924312,1.0,1.0,0.0,0.0,2048.0,109.121707,95.864189,100.231665,100.011166,114.755852,114.515812,102.238403,98.863577,1.7976931348623157e+308,1.7976931348623157e+308,5.0,2.0
1201,2026.01.05 20:01,2026.01.05 20:02,106.61575500000001,106.752451,106.519755,106.670451,1.0,1.0,0.0,0.0,4.0,109.758117,95.864189,100.231665,100.011166,114.755852,114.515812,106.519755,104.663897,1.7976931348623157e+308,1.7976931348623157e+308,5.0,3.0
1228,2026.01.05 20:28,2026.01.05 20:29,106.781983,106.860983,106.496576,106.592576,1.0,1.0,0.0,0.0,64.0,109.758117,99.447995,100.231665,100.011166,114.755852,114.515812,106.519755,104.663897,1.7976931348623157e+308,1.7976931348623157e+308,5.0,3.0
1234,2026.01.05 20:34,2026.01.05 20:35,104.78194,104.85794,104.369147,104.453147,1.0,1.0,0.0,0.0,1024.0,109.758117,99.447995,100.231665,100.011166,114.755852,114.515812,102.238403,98.863577,1.7976931348623157e+308,1.7976931348623157e+308,5.0,2.0
1241,2026.01.05 20:41,2026.01.05 20:42,108.085936,108.438507,107.973936,108.362507,1.0,1.0,0.0,0.0,4.0,109.758117,99.447995,100.231665,100.011166,114.755852,114.515812,107.973936,104.408839,1.7976931348623157e+308,1.7976931348623157e+308,5.0,3.0
1246,2026.01.05 20:46,2026.01.05 20:47,109.160282,109.276541,109.064282,109.206541,1.0,1.0,1.0,0.0,1.0,109.758117,99.447995,104.242958,103.962402,114.755852,114.515812,107.973936,104.408839,1.7976931348623157e+308,1.7976931348623157e+308,6.0,3.0
1254,2026.01.05 20:54,2026.01.05 20:55,109.721615,110.177596,109.629615,110.104596,1.0,1.0,0.0,1.0,1.0,109.758117,99.447995,104.242958,103.962402,114.755852,114.515812,107.973936,104.408839,1.7976931348623157e+308,1.7976931348623157e+308,7.0,3.0
1273,2026.01.05 21:13,2026.01.05 21:14,113.378497,113.655031,113.282497,113.567031,1.0,1.0,1.0,0.0,1.0,109.758117,99.447995,113.130744,112.886327,114.755852,114.515812,107.973936,104.408839,1.7976931348623157e+308,1.7976931348623157e+308,8.0,3.0
1280,2026.01.05 21:20,2026.01.05 21:21,113.310016,113.398016,107.324704,107.412704,-1.0,1.0,-2.0,0.0,322.0,109.758117,99.447995,104.242958,103.962402,113.95891,113.691983,107.973936,104.408839,1.7976931348623157e+308,1.7976931348623157e+308,8.0,3.0
1281,2026.01.05 21:21,2026.01.05 21:22,107.412704,107.482704,106.856437,106.948437,-1.0,1.0,0.0,0.0,8.0,109.758117,99.447995,104.242958,103.962402,113.95891,113.691983,107.973936,104.408839,113.226016,107.482704,8.0,4.0
1288,2026.01.05 21:28,2026.01.05 21:29,104.601545,104.671545,104.377206,104.461206,-1.0,1.0,0.0,0.0,1024.0,109.758117,99.447995,104.242958,103.962402,113.95891,113.691983,102.238403,98.863577,113.226016,107.482704,8.0,3.0
1290,2026.01.05 21:30,2026.01.05 21:31,104.376738,104.452738,104.227324,104.319324,-1.0,1.0,0.0,0.0,16.0,109.758117,99.447995,104.242958,103.962402,113.95891,113.691983,102.238403,98.863577,113.226016,107.482704,8.0,3.0
1293,2026.01.05 21:33,2026.01.05 21:34,104.157677,104.242677,103.893758,103.997758,-1.0,1.0,0.0,0.0,256.0,109.758117,99.447995,100.231665,100.011166,113.95891,113.691983,102.238403,98.863577,113.226016,107.482704,7.0,3.0
1319,2026.01.05 21:59,2026.01.05 22:00,102.478712,102.758126,102.378712,102.679126,1.0,1.0,2.0,0.0,1.0,109.758117,99.447995,102.445088,102.255072,113.95891,113.691983,102.238403,98.863577,113.226016,107.482704,8.0,3.0
1321,2026.01.05 22:01,2026.01.05 22:02,104.972638,105.430434,104.864638,105.345434,1.0,1.0,0.0,0.0,4.0,109.758117,99.447995,102.445088,102.255072,113.95891,113.691983,104.864638,102.758126,113.226016,107.482704,8.0,4.0
1327,2026.01.05 22:07,2026.01.05 22:08,107.321474,107.594782,107.225474,107.512782,1.0,1.0,0.0,0.0,2048.0,113.95891,99.447995,102.445088,102.255072,113.95891,113.691983,104.864638,102.758126,1.7976931348623157e+308,1.7976931348623157e+308,8.0,3.0
1345,2026.01.05 22:25,2026.01.05 22:26,106.607513,106.680513,106.161941,106.257941,-1.0,1.0,-2.0,0.0,2.0,113.95891,99.447995,102.445088,102.255072,107.100716,106.89845,104.864638,102.758126,1.7976931348623157e+308,1.7976931348623157e+308,9.0,3.0
1348,2026.01.05 22:28,2026.01.05 22:29,105.31144,105.39344,104.667886,104.775886,-1.0,1.0,0.0,0.0,64.0,113.95891,99.447995,102.445088,102.255072,107.100716,106.89845,104.864638,102.758126,1.7976931348623157e+308,1.7976931348623157e+308,9.0,3.0
1353,2026.01.05 22:33,2026.01.05 22:34,103.024559,103.100559,102.703512,102.795512,-1.0,1.0,0.0,0.0,1024.0,113.95891,99.447995,102.445088,102.255072,107.100716,106.89845,102.238403,98.863577,1.7976931348623157e+308,1.7976931348623157e+308,9.0,2.0
1356,2026.01.05 22:36,2026.01.05 22:37,102.579797,102.664797,102.441502,102.545502,-1.0,1.0,0.0,0.0,16.0,113.95891,100.847551,102.445088,102.255072,107.100716,106.89845,102.238403,98.863577,1.7976931348623157e+308,1.7976931348623157e+308,9.0,2.0
1361,2026.01.05 22:41,2026.01.05 22:42,105.694853,105.773853,105.364825,105.452825,-1.0,1.0,0.0,0.0,4.0,113.95891,100.847551,102.445088,102.255072,107.100716,106.89845,105.364825,102.53996,1.7976931348623157e+308,1.7976931348623157e+308,9.0,3.0
1362,2026.01.05 22:42,2026.01.05 22:43,105.452825,105.534825,105.054976,105.146976,-1.0,1.0,0.0,0.0,64.0,113.95891,100.847551,102.445088,102.255072,107.100716,106.89845,105.364825,102.53996,1.7976931348623157e+308,1.7976931348623157e+308,9.0,3.0
1379,2026.01.05 22:59,2026.01.05 23:00,105.754999,105.853125,105.666999,105.783125,1.0,1.0,2.0,0.0,1.0,107.681642,100.847551,103.628446,103.434544,107.100716,106.89845,105.364825,102.53996,1.7976931348623157e+308,1.7976931348623157e+308,10.0,3.0
1388,2026.01.05 23:08,2026.01.05 23:09,106.630041,107.097479,106.542041,107.021479,1.0,1.0,0.0,0.0,32.0,107.681642,100.847551,103.628446,103.434544,107.100716,106.89845,105.364825,102.53996,1.7976931348623157e+308,1.7976931348623157e+308,10.0,3.0
1389,2026.01.05 23:09,2026.01.05 23:10,107.021479,107.509486,106.929479,107.430486,1.0,1.0,0.0,0.0,512.0,107.681642,100.847551,103.628446,103.434544,113.95891,113.691983,105.364825,102.53996,1.7976931348623157e+308,1.7976931348623157e+308,9.0,3.0
1390,2026.01.05 23:10,2026.01.05 23:11,107.430486,107.902355,107.334486,107.820355,1.0,1.0,0.0,1.0,1.0,107.681642,100.847551,103.628446,103.434544,113.95891,113.691983,105.364825,102.53996,1.7976931348623157e+308,1.7976931348623157e+308,10.0,3.0
1400,2026.01.05 23:20,2026.01.05 23:21,107.518066,107.588066,101.67818,101.77818,-1.0,1.0,-2.0,0.0,1282.0,107.681642,100.847551,100.231665,100.011166,108.647831,108.407489,102.238403,98.863577,1.7976931348623157e+308,1.7976931348623157e+308,8.0,2.0
1401,2026.01.05 23:21,2026.01.05 23:22,101.77818,101.85118,101.490216,101.594216,-1.0,1.0,0.0,0.0,8.0,107.681642,100.847551,100.231665,100.011166,108.647831,108.407489,102.238403,98.863577,107.422066,101.85118,8.0,3.0
1411,2026.01.05 23:31,2026.01.05 23:32,100.936103,101.018103,100.452711,100.560711,-1.0,-1.0,0.0,-2.0,2.0,107.681642,100.847551,100.231665,100.011166,108.647831,108.407489,102.238403,98.863577,107.422066,101.85118,9.0,3.0
1412,2026.01.05 23:32,2026.01.05 23:33,100.560711,100.645711,99.986734,100.098734,-1.0,-1.0,0.0,0.0,256.0,107.681642,100.847551,99.646271,99.447995,108.647831,108.407489,102.238403,98.863577,107.422066,101.85118,8.0,3.0
1413,2026.01.05 23:33,2026.01.05 23:34,100.098734,100.186734,99.496024,99.576024,-1.0,-1.0,0.0,0.0,16.0,107.681642,100.847551,99.646271,99.447995,108.647831,108.407489,102.238403,98.863577,107.422066,101.85118,8.0,3.0
1414,2026.01.05 23:34,2026.01.05 23:35,99.576024,99.646024,98.942509,99.026509,-1.0,-1.0,0.0,0.0,256.0,107.681642,100.847551,96.083886,95.864189,108.647831,108.407489,102.238403,98.863577,107.422066,101.85118,7.0,3.0
1415,2026.01.05 23:35,2026.01.05 23:36,99.026509,99.099509,98.399694,98.487694,-1.0,-1.0,0.0,0.0,1024.0,107.681642,100.847551,96.083886,95.864189,108.647831,108.407489,96.6938,95.175582,107.422066,101.85118,7.0,2.0
1430,2026.01.05 23:50,2026.01.05 23:51,96.19492,96.27092,95.804302,95.916302,-1.0,-1.0,0.0,0.0,256.0,107.681642,100.847551,95.175582,94.768992,108.647831,108.407489,96.6938,95.175582,107.422066,101.85118,6.0,2.0
1441,2026.01.06 00:01,2026.01.06 00:02,99.070199,99.614857,98.986199,99.526857,-1.0,-1.0,0.0,0.0,4.0,107.681642,100.847551,95.175582,94.768992,108.647831,108.407489,98.986199,96.74881,107.422066,101.85118,6.0,3.0
1453,2026.01.06 00:13,2026.01.06 00:14,101.592445,102.050666,101.496445,101.968666,-1.0,-1.0,0.0,0.0,2048.0,107.681642,100.847551,95.175582,94.768992,108.647831,108.407489,98.986199,96.74881,1.7976931348623157e+308,1.7976931348623157e+308,6.0,2.0
1476,2026.01.06 00:36,2026.01.06 00:37,102.601717,102.689717,102.328922,102.408922,-1.0,-1.0,-1.0,0.0,2.0,107.681642,100.847551,95.175582,94.768992,102.80262,102.59323499999999,98.986199,96.74881,1.7976931348623157e+308,1.7976931348623157e+308,7.0,2.0
1480,2026.01.06 00:40,2026.01.06 00:41,101.33159,104.463656,101.23559,104.384656,1.0,-1.0,2.0,0.0,769.0,107.681642,100.847551,95.175582,94.768992,108.647831,108.407489,98.986199,96.74881,1.7976931348623157e+308,1.7976931348623157e+308,6.0,2.0
1481,2026.01.06 00:41,2026.01.06 00:42,104.384656,104.466656,103.851602,103.951602,1.0,-1.0,0.0,0.0,4.0,107.681642,100.847551,95.175582,94.768992,108.647831,108.407489,103.851602,101.83121,1.7976931348623157e+308,1.7976931348623157e+308,6.0,3.0
1482,2026.01.06 00:42,2026.01.06 00:43,103.951602,104.036602,103.464806,103.568806,1.0,-1.0,0.0,0.0,64.0,107.681642,100.847551,95.175582,94.768992,108.647831,108.407489,103.851602,101.83121,1.7976931348623157e+308,1.7976931348623157e+308,6.0,3.0
